,Year,Name,Salary%,Physical Cluster,Reg Performance Cluster,Adv Performance Cluster,PER Cluster
0,2010,Aaron Brooks,3.495133448873484,0,3,2,1
1,2010,Acie Law,1.0974922010398611,0,1,0,3
2,2010,Al Harrington,9.991334488734834,1,0,2,1
3,2010,Al Horford,9.436493934142117,1,0,0,1
4,2010,Al Jefferson,22.53032928942807,1,3,0,1
5,2010,Al Thornton,0.3658301559792028,1,2,0,3
6,2010,Alonzo Gee,1.1111629116117852,0,1,0,1
7,2010,Amar'e Stoudemire,28.57298266897747,1,3,0,2
8,2010,Anderson Varejao,12.620135181975733,1,2,0,1
9,2010,Andray Blatche,10.232499133448872,1,0,0,1
10,2010,Andre Iguodala,21.395580589254767,0,0,1,1
11,2010,Andre Miller,12.598377816291164,0,0,3,1
12,2010,Andrea Bargnani,14.731369150779894,1,0,2,1
13,2010,Andrei Kirilenko,30.889081455805893,1,2,3,1
14,2010,Andres Nocioni,11.871750433275563,1,2,1,3
15,2010,Andrew Bogut,19.064124783362214,1,0,0,2
16,2010,Andrew Bynum,23.743500866551127,1,0,0,2
17,2010,Antawn Jamison,23.15234835355286,1,3,3,1
18,2010,Anthony Parker,4.9493396880415945,0,1,1,0
19,2010,Anthony Randolph,3.406793760831889,1,0,0,1
20,2010,Anthony Tolliver,3.812824956672444,1,2,3,3
21,2010,Antoine Wright,1.4807435008665513,0,1,3,0
22,2010,Antonio McDyess,8.422876949740035,1,2,0,3
23,2010,Arron Afflalo,3.3961473136915075,0,2,1,0
24,2010,Austin Daye,3.1260311958405547,0,1,3,3
25,2010,Baron Davis,24.263431542461014,0,0,1,1
26,2010,Ben Gordon,18.717504332755638,0,0,1,3
27,2010,Ben Wallace,3.604852686308492,1,1,0,1
28,2010,Beno Udrih,11.228076256499138,0,0,1,1
29,2010,Boris Diaw,15.59792027729636,1,2,1,3
30,2010,Brad Miller,7.625649913344888,1,2,3,3
31,2010,Brandon Jennings,4.040069324090122,0,0,2,3
32,2010,Brandon Roy,23.576689774696714,0,3,1,2
33,2010,Brandon Rush,3.5858578856152517,0,2,1,0
34,2010,Brendan Haywood,11.95840554592721,1,2,0,1
35,2010,Brian Cook,1.9867192374350091,1,1,0,0
36,2010,Brook Lopez,4.182530329289428,1,3,0,2
37,2010,C.J. Watson,6.239168110918545,0,2,3,3
38,2010,Carlos Arroyo,0.3397001733102253,0,1,0,3
39,2010,Carmelo Anthony,29.721391681109186,1,3,1,2
40,2010,Caron Butler,18.304956672443677,1,0,3,3
41,2010,Channing Frye,9.01213171577123,1,2,2,3
42,2010,Charlie Bell,7.708478336221838,0,1,1,0
43,2010,Charlie Villanueva,12.166377816291163,1,2,1,1
44,2010,Chase Budinger,1.3533292894280762,1,2,1,3
45,2010,Chauncey Billups,22.790294627383016,0,0,2,2
46,2010,Chris Andersen,7.856672443674178,1,1,0,1
47,2010,Chris Bosh,25.12998266897747,1,3,0,2
48,2010,Chris Duhon,6.065857885615253,0,2,1,0
49,2010,Chris Kaman,20.450606585788556,1,3,0,1
50,2010,Chris Paul,25.892812824956675,0,3,3,2
51,2010,Chris Quinn,1.3936412478336222,0,1,0,0
52,2010,Corey Brewer,6.715771230502599,0,0,1,3
53,2010,Corey Maggette,16.63778162911612,1,3,0,2
54,2010,Courtney Lee,2.344263431542461,0,0,1,3
55,2010,Craig Smith,3.986135181975736,1,2,0,1
56,2010,D.J. Augustin,4.40207972270364,0,1,3,3
57,2010,Daequan Cook,3.7605840554592724,0,1,3,0
58,2010,Dahntay Jones,4.332755632582321,0,2,0,0
59,2010,Damien Wilkins,0.8361837088388215,1,1,0,3
60,2010,Daniel Gibson,6.9589844020797225,0,1,3,3
61,2010,Danilo Gallinari,5.727140381282497,1,0,2,3
62,2010,Danny Granger,19.017681109185446,1,3,2,1
63,2010,Danny Green,0.2253414211438475,0,1,0,3
64,2010,Dante Cunningham,1.3209618717504332,1,1,0,3
65,2010,Darius Songaila,8.350086655112651,1,2,0,3
66,2010,Darko Milicic,7.495667244367418,1,2,0,3
67,2010,Darrell Arthur,1.9474523396880412,1,1,0,0
68,2010,Darren Collison,2.3588214904679377,0,0,3,1
69,2010,David Andersen,4.332755632582321,1,1,3,3
70,2010,David Lee,18.717504332755638,1,3,0,2
71,2010,David West,14.363084922010401,1,3,0,1
72,2010,DeJuan Blair,1.5909878682842291,1,2,0,1
73,2010,DeMar DeRozan,4.252824956672444,1,2,0,3
74,2010,DeMarre Carroll,1.8811091854419413,0,1,0,0
75,2010,DeShawn Stevenson,7.195469670710572,0,1,0,0
76,2010,Derek Fisher,6.412478336221838,0,2,1,0
77,2010,Deron Williams,25.892812824956675,0,3,1,2
78,2010,Derrick Brown,1.3209618717504332,1,1,0,3
79,2010,Derrick Rose,9.612062391681107,0,3,0,1
80,2010,Devin Harris,15.564991334488735,0,0,1,1
81,2010,Dirk Nowitzki,29.945611785095323,1,3,3,2
82,2010,Donte Greene,1.6129982668977467,1,2,3,3
83,2010,Dorell Wright,6.135181975736568,0,1,3,3
84,2010,Drew Gooden,9.991334488734834,1,2,0,1
85,2010,Dwight Howard,28.85126516464471,1,0,0,2
86,2010,Dwyane Wade,24.610051993067593,0,3,1,2
87,2010,Earl Clark,3.290745233968804,1,1,0,0
88,2010,Eddie House,2.343467937608319,0,1,3,0
89,2010,Eduardo Najera,5.1993067590987865,1,1,0,0
90,2010,Elton Brand,27.658750433275568,1,0,0,1
91,2010,Eric Gordon,5.228214904679376,0,0,1,3
92,2010,Eric Maynor,2.457192374350087,0,1,0,3
93,2010,Erick Dampier,1.2368561525129984,1,1,0,3
94,2010,Ersan Ilyasova,4.021663778162911,1,2,1,1
95,2010,Francisco Garcia,9.532062391681107,0,2,0,3
96,2010,Garrett Temple,0.13986655112651647,0,1,0,3
97,2010,Gerald Henderson,3.6461698440207977,0,1,0,0
98,2010,Gerald Wallace,18.19757365684575,1,0,3,1
99,2010,Gilbert Arenas,30.72910571923744,0,3,3,1
100,2010,Glen Davis,5.199313691507799,1,1,0,3
101,2010,Goran Dragic,3.4176776429809363,0,2,1,3
102,2010,Grant Hill,5.6152512998266895,1,2,3,3
103,2010,Hakim Warrick,7.365684575389947,1,2,0,1
104,2010,Hamed Haddadi,2.772963604852686,1,1,0,0
105,2010,Hedo Turkoglu,17.705112651646445,1,2,1,3
106,2010,Ime Udoka,1.2281455805892547,0,1,3,0
107,2010,J.J. Barea,3.1455805892547657,0,2,3,3
108,2010,JaVale McGee,2.7747660311958398,1,1,0,1
109,2010,Jamal Crawford,18.717504332755638,0,0,2,1
110,2010,Jamario Moon,5.1993067590987865,0,1,3,3
111,2010,Jameer Nelson,13.518197573656845,0,0,1,1
112,2010,James Harden,7.4601733102253025,0,2,1,3
113,2010,James Johnson,2.969844020797227,1,1,0,0
114,2010,James Jones,1.9867192374350091,1,1,3,0
115,2010,James Posey,12.389601386481802,1,1,1,0
116,2010,Jared Dudley,3.728020797227036,1,2,1,3
117,2010,Jared Jeffries,0.38325129982668976,1,1,0,0
118,2010,Jarrett Jack,7.972270363951472,0,2,1,1
119,2010,Jason Kapono,11.510294627383015,1,1,3,0
120,2010,Jason Kidd,14.922876949740035,0,2,2,1
121,2010,Jason Maxiell,8.665511265164643,1,2,0,3
122,2010,Jason Richardson,25.03369670710572,1,0,2,1
123,2010,Jason Smith,3.791876949740035,1,1,0,0
124,2010,Jason Terry,17.110918544194107,0,0,2,1
125,2010,Jason Thompson,3.77469670710572,1,0,0,3
126,2010,Jason Williams,0.9098162911611783,0,1,1,3
127,2010,Jawad Williams,1.7840363951473135,1,1,3,0
128,2010,Jeff Foster,11.53379549393414,1,1,0,0
129,2010,Jeff Green,7.722682842287695,1,0,1,3
130,2010,Jeff Teague,2.559514731369151,0,1,0,3
131,2010,Jermaine Taylor,1.3533292894280762,0,1,0,3
132,2010,Jerryd Bayless,3.9733102253032926,0,2,3,3
133,2010,Jodie Meeks,1.3209618717504332,0,1,3,3
134,2010,Joe Johnson,28.29202772963605,1,3,2,1
135,2010,Joey Graham,1.720415944540728,1,1,0,0
136,2010,Johan Petro,5.632582322357018,1,1,0,0
137,2010,John Salmons,13.864818024263432,0,0,1,3
138,2010,Jonny Flynn,5.5320623916811105,0,0,1,3
139,2010,Jordan Farmar,6.4991334488734855,0,1,1,3
140,2010,Jordan Hill,4.626551126516464,1,1,0,3
141,2010,Jose Calderon,15.59792027729636,0,2,3,1
142,2010,Josh McRoberts,1.534003466204506,1,1,0,3
143,2010,Josh Smith,20.27729636048527,1,0,0,2
144,2010,Jrue Holiday,2.821351819757365,0,2,3,3
145,2010,Julian Wright,4.953305025996533,1,1,0,3
146,2010,Keith Bogans,2.772963604852686,0,1,1,0
147,2010,Kendrick Perkins,11.606100519930674,1,2,0,3
148,2010,Kenyon Martin,28.674963604852692,1,0,0,3
149,2010,Kevin Durant,10.49161698440208,1,3,2,2
150,2010,Kevin Garnett,32.63785788561525,1,0,0,1
151,2010,Kevin Love,6.305511265164643,1,0,3,2
152,2010,Kevin Martin,18.370892547660308,0,3,3,1
153,2010,Keyon Dooling,3.604852686308492,0,1,3,3
154,2010,Kirk Hinrich,15.771230502599654,0,2,1,3
155,2010,Kobe Bryant,42.991767764298096,0,3,1,2
156,2010,Kris Humphries,5.545927209705372,1,2,0,1
157,2010,Kyle Korver,8.665511265164643,0,1,3,3
158,2010,Kyle Lowry,9.965337954939342,0,2,3,1
159,2010,Kyle Weaver,1.4807435008665513,0,1,0,0
160,2010,Kyrylo Fesenko,1.8847487001733103,1,1,0,0
161,2010,LaMarcus Aldridge,19.487001733102254,1,3,0,1
162,2010,Lamar Odom,14.211438474870016,1,2,3,1
163,2010,LeBron James,25.12998266897747,1,3,2,2
164,2010,Leandro Barbosa,12.305025996533795,0,2,3,3
165,2010,Lester Hudson,0.8935927209705372,0,1,0,3
166,2010,Lou Amundson,3.856152512998267,1,1,0,3
167,2010,Luis Scola,13.475525129982667,1,0,0,1
168,2010,Luke Ridnour,6.932409012131716,0,2,3,1
169,2010,Luke Walton,9.116117850953207,1,1,0,0
170,2010,Luol Deng,19.662045060658574,1,3,3,1
171,2010,Manu Ginobili,20.545206239168113,0,0,2,2
172,2010,Marc Gasol,6.192951473136915,1,0,0,1
173,2010,Marcin Gortat,10.95722703639515,1,1,0,3
174,2010,Marco Belinelli,4.12525129982669,0,1,3,3
175,2010,Marcus Banks,8.401362218370883,0,1,0,1
176,2010,Marcus Camby,20.363660311958405,1,2,0,1
177,2010,Mario Chalmers,1.4807435008665513,0,1,1,0
178,2010,Mario West,0.034840554592720965,0,1,0,0
179,2010,Marquis Daniels,4.138648180242634,0,1,0,0
180,2010,Marreese Speights,3.074454072790295,1,2,0,1
181,2010,Martell Webster,8.31889081455806,1,2,2,3
182,2010,Marvin Williams,12.586655112651643,1,2,3,3
183,2010,Matt Barnes,3.0589254766031195,1,2,1,3
184,2010,Matt Bonner,5.285961871750433,1,1,1,3
185,2010,Matt Carroll,7.452339688041594,0,1,0,0
186,2010,Maurice Evans,4.332755632582321,0,1,3,3
187,2010,Mehmet Okur,17.23570190641248,1,0,1,1
188,2010,Michael Beasley,8.600069324090121,1,0,3,1
189,2010,Michael Redd,31.7157712305026,0,0,0,3
190,2010,Mickael Pietrus,9.185441941074524,0,2,1,3
191,2010,Mike Bibby,0.3745407279029463,0,2,2,3
192,2010,Mike Conley,8.514864818024263,0,0,1,3
193,2010,Mike Dunleavy,18.304998266897744,1,2,1,3
194,2010,Mo Williams,16.11785095320624,0,0,2,1
195,2010,Monta Ellis,19.064124783362214,0,3,1,1
196,2010,Morris Peterson,11.551126516464471,1,1,3,0
197,2010,Nate Robinson,7.2790294627383005,0,2,3,1
198,2010,Nenad Krstic,9.606786828422877,1,2,0,3
199,2010,Nick Collison,22.99826689774697,1,1,0,3
200,2010,Nick Young,4.558930675909878,0,2,3,0
201,2010,Nicolas Batum,2.074107452339688,0,2,3,1
202,2010,O.J. Mayo,7.723050259965338,0,0,2,3
203,2010,Omri Casspi,2.1741421143847486,1,2,1,3
204,2010,Patty Mills,1.6242547660311957,0,1,0,3
205,2010,Pau Gasol,30.889081455805893,1,3,0,2
206,2010,Paul Millsap,13.17157712305026,1,2,0,1
207,2010,Paul Pierce,24.049083188908142,1,0,1,1
208,2010,Peja Stojakovic,0.6968197573656846,1,2,2,3
209,2010,Quentin Richardson,3.925476603119584,1,2,2,3
210,2010,Quinton Ross,1.790887348353553,0,1,0,0
211,2010,Raja Bell,5.1993067590987865,0,2,0,3
212,2010,Rajon Rondo,15.755478336221836,0,0,3,1
213,2010,Ramon Sessions,6.8705719237435,0,2,0,3
214,2010,Randy Foye,7.365684575389947,0,2,3,3
215,2010,Rashard Lewis,33.92324263431543,1,0,2,3
216,2010,Rasual Butler,0.3658301559792028,0,2,2,0
217,2010,Ray Allen,17.33102253032929,0,0,2,1
218,2010,Raymond Felton,12.131715771230507,0,0,3,1
219,2010,Renaldo Balkman,2.9029462738301564,0,1,0,0
220,2010,Richard Hamilton,21.663778162911612,0,3,3,3
221,2010,Richard Jefferson,14.558058925476606,1,2,1,3
222,2010,Rodney Stuckey,4.7957123050259955,0,3,3,1
223,2010,Rodrigue Beaubois,2.0036048526863084,0,1,3,1
224,2010,Ronnie Brewer,8.301559792027732,1,2,0,3
225,2010,Ronnie Price,2.3938474870017328,0,1,0,0
226,2010,Ronny Turiaf,6.932409012131716,1,1,0,3
227,2010,Roy Hibbert,2.9207625649913345,1,0,0,1
228,2010,Royal Ivey,2.079722703639515,0,1,0,0
229,2010,Rudy Fernandez,2.160623916811092,0,2,1,3
230,2010,Rudy Gay,23.576689774696714,1,3,1,1
231,2010,Russell Westbrook,6.96311958405546,0,0,3,1
232,2010,Ryan Anderson,2.4420103986135184,1,1,1,1
233,2010,Ryan Gomes,6.932409012131716,1,2,1,3
234,2010,Ryan Hollins,4.043904679376084,1,1,0,3
235,2010,Sam Young,1.535528596187175,0,2,0,3
236,2010,Sasha Pavlovic,0.3658301559792028,1,1,3,0
237,2010,Sasha Vujacic,9.48893067590988,0,1,3,3
238,2010,Sebastian Telfair,4.6793760831889095,0,1,0,3
239,2010,Serge Ibaka,2.087001733102253,1,1,0,1
240,2010,Shane Battier,12.746100519930675,1,2,1,3
241,2010,Shannon Brown,3.7247833622183713,0,2,1,3
242,2010,Shaquille O'Neal,2.343467937608319,1,0,0,1
243,2010,Shaun Livingston,6.065857885615253,0,2,0,3
244,2010,Shawn Marion,12.227902946273833,1,0,0,3
245,2010,Solomon Jones,2.599653379549393,1,1,0,0
246,2010,Spencer Hawes,5.154800693240901,1,2,3,3
247,2010,Stephen Curry,5.049982668977469,0,0,2,1
248,2010,Stephen Graham,1.720415944540728,0,1,0,3
249,2010,Stephen Jackson,14.650346620450607,1,3,1,1
250,2010,Steve Nash,17.869909878682844,0,0,1,2
251,2010,Steve Novak,0.5313258232235701,1,1,0,0
252,2010,Sundiata Gaines,0.19425996533795492,0,1,0,1
253,2010,T.J. Ford,14.731369150779894,0,2,0,3
254,2010,Tayshaun Prince,19.321941074523398,1,0,0,1
255,2010,Terrence Williams,3.837920277296361,0,2,3,3
256,2010,Thabo Sefolosha,5.632582322357018,0,1,3,0
257,2010,Thaddeus Young,5.028147313691507,1,0,3,3
258,2010,Tim Duncan,32.64364124783362,1,3,0,2
259,2010,Toney Douglas,1.8561525129982668,0,2,3,3
260,2010,Tony Allen,5.1993067590987865,0,1,0,3
261,2010,Tony Parker,23.396880415944537,0,0,0,1
262,2010,Travis Outlaw,12.131715771230507,0,2,0,3
263,2010,Trevor Ariza,10.95722703639515,0,0,2,3
264,2010,Troy Murphy,0.3745407279029463,1,0,2,1
265,2010,Ty Lawson,2.6803466204506066,0,2,3,1
266,2010,Tyler Hansbrough,3.463778162911612,1,2,0,3
267,2010,Tyreke Evans,6.726031195840554,0,3,3,1
268,2010,Tyrus Thomas,11.458526863084922,1,2,0,1
269,2010,Vince Carter,30.368067590987874,0,0,2,1
270,2010,Vladimir Radmanovic,11.930329289428075,1,1,0,0
271,2010,Wayne Ellington,1.8696707105719241,0,1,3,0
272,2010,Wesley Matthews,9.991334488734834,0,2,3,3
273,2010,Will Bynum,5.632582322357018,0,2,0,3
274,2010,Willie Green,6.890814558058926,0,2,3,3
275,2010,Wilson Chandler,3.692343154246101,1,0,3,3
276,2010,Yi Jianlian,7.019928942807626,1,0,0,3
277,2010,Zach Randolph,30.61813864818024,1,3,0,2
278,2010,Zaza Pachulia,7.36785095320624,1,1,0,3
279,2010,Zydrunas Ilgauskas,2.343467937608319,1,2,0,3
280,2011,Al Harrington,10.726690097167666,1,2,2,3
281,2011,Al Horford,21.53277341327269,1,0,0,2
282,2011,Al-Farouq Aminu,4.747364068637585,1,1,3,0
283,2011,Amar'e Stoudemire,31.38602611811729,1,3,0,2
284,2011,Amir Johnson,10.336985734959686,1,2,0,1
285,2011,Anderson Varejao,13.265798359864931,1,2,0,1
286,2011,Andray Blatche,11.098620012404382,1,3,0,1
287,2011,Andre Iguodala,25.357056715595068,0,0,3,1
288,2011,Andre Miller,13.451395493074221,0,0,0,1
289,2011,Andrea Bargnani,17.22830955826614,1,3,1,1
290,2011,Andres Nocioni,11.456825856246985,1,1,3,0
291,2011,Andrew Bogut,20.673971469919373,1,0,0,1
292,2011,Antawn Jamison,25.974631314175447,1,3,1,1
293,2011,Anthony Parker,3.8763696506098815,0,2,1,0
294,2011,Anthony Randolph,5.01555888636207,1,1,0,3
295,2011,Anthony Tolliver,3.5318034594445598,1,1,3,3
296,2011,Armon Johnson,0.18002549789814626,0,1,0,0
297,2011,Arron Afflalo,13.35193990765626,0,2,1,3
298,2011,Austin Daye,3.3243746123630347,0,2,3,3
299,2011,Avery Bradley,2.6264213355385566,0,1,0,0
300,2011,Ben Gordon,19.98483908758873,0,2,1,3
301,2011,Ben Uzoh,0.3282819929708497,0,1,0,3
302,2011,Ben Wallace,3.8701674591689055,1,1,0,3
303,2011,Beno Udrih,11.931293501481635,0,0,3,1
304,2011,Blake Griffin,9.873682034318794,1,3,0,2
305,2011,Boris Diaw,0.41547446764523466,1,2,1,3
306,2011,Brad Miller,8.186892702088072,1,1,3,1
307,2011,Brandon Bass,7.322031562263111,1,2,0,1
308,2011,Brandon Jennings,4.296258011163944,0,0,1,1
309,2011,Brandon Rush,5.093821928192407,1,2,1,0
310,2011,Brendan Haywood,13.13572462270002,1,1,0,3
311,2011,Brian Cook,2.1073082489146167,1,1,3,3
312,2011,Brook Lopez,5.301121562952243,1,3,0,1
313,2011,C.J. Watson,5.857625249810487,0,1,3,3
314,2011,Carl Landry,14.644063124526221,1,2,0,3
315,2011,Carmelo Anthony,31.90437254496589,1,3,3,2
316,2011,Caron Butler,13.782647646612912,1,0,0,3
317,2011,Cartier Martin,0.3442491902694507,1,1,3,3
318,2011,Channing Frye,10.336985734959686,1,2,2,3
319,2011,Charlie Villanueva,12.99014540693267,1,2,2,1
320,2011,Chauncey Billups,3.4457170422438153,0,0,1,1
321,2011,Chris Andersen,7.294466266969883,1,1,0,1
322,2011,Chris Bosh,30.227069119977948,1,3,0,1
323,2011,Chris Duhon,5.599200606436495,0,1,0,0
324,2011,Chris Paul,28.185178485287018,0,0,3,2
325,2011,Christian Eyenga,1.8908414306388257,0,2,3,0
326,2011,Chuck Hayes,9.451881331403762,1,2,0,1
327,2011,Corey Brewer,5.270139893873614,0,2,0,3
328,2011,Corey Maggette,17.679810144028668,1,2,3,1
329,2011,Courtney Lee,3.833459099993109,0,2,3,3
330,2011,D.J. Augustin,5.575890703604163,0,0,2,1
331,2011,Daequan Cook,5.756939563090071,0,1,3,3
332,2011,Dahntay Jones,4.651643580731859,1,1,0,3
333,2011,Damion James,2.141616704568948,1,1,0,0
334,2011,Dan Gadzuric,0.11955240851767625,1,1,0,0
335,2011,Daniel Gibson,7.5870615395217404,0,2,1,3
336,2011,Danilo Gallinari,7.218975260147474,1,0,1,1
337,2011,Danny Granger,20.70137137344084,1,3,2,1
338,2011,Dante Cunningham,3.4456619116532283,1,2,0,3
339,2011,Darren Collison,2.5083729584453174,0,0,3,1
340,2011,David Lee,20.002067397146988,1,3,0,1
341,2011,David West,17.22830955826614,1,3,0,2
342,2011,DeAndre Jordan,17.3651092274826,1,2,0,3
343,2011,DeJuan Blair,1.8158638274412515,1,2,0,1
344,2011,DeMar DeRozan,5.761577424023155,0,0,0,3
345,2011,DeMarcus Cousins,6.6859623733719244,1,0,0,3
346,2011,DeShawn Stevenson,4.307077389566535,0,1,1,0
347,2011,Derek Fisher,4.013412238991109,0,1,3,0
348,2011,Deron Williams,28.185178485287018,0,3,1,2
349,2011,Derrick Rose,12.048976638412237,0,3,2,2
350,2011,Devin Harris,16.055061677348217,0,0,3,1
351,2011,Dirk Nowitzki,32.893792640066145,1,3,3,2
352,2011,Dominique Jones,2.0558197229687822,0,1,0,0
353,2011,Donte Greene,2.894207842326511,1,1,3,0
354,2011,Dorell Wright,6.586382744125147,0,0,2,3
355,2011,Drew Gooden,10.726690097167666,1,0,0,1
356,2011,Dwight Howard,31.169061401695267,1,3,0,2
357,2011,Dwyane Wade,27.032940527875404,0,3,1,2
358,2011,Earl Boykins,0.3798618289573427,0,1,0,1
359,2011,Earl Clark,1.9984839087588728,1,1,0,0
360,2011,Earl Watson,3.4456619116532283,0,1,3,0
361,2011,Eduardo Najera,4.737785128523188,1,1,0,0
362,2011,Elton Brand,31.287221762800637,1,0,0,1
363,2011,Emeka Okafor,21.780890359037965,1,2,0,1
364,2011,Eric Bledsoe,2.7502584246433743,0,2,3,0
365,2011,Eric Gordon,6.600482392667631,0,3,1,1
366,2011,Eric Maynor,2.612983254083109,0,1,3,3
367,2011,Erick Dampier,0.9140427951209428,1,1,0,0
368,2011,Ersan Ilyasova,4.377713458755427,1,2,3,3
369,2011,Evan Turner,9.119082075666736,0,2,0,0
370,2011,Francisco Garcia,10.509268830542348,0,2,1,3
371,2011,Gary Forbes,2.5842464337399216,1,1,0,3
372,2011,Gary Neal,1.4719678175177453,0,2,1,3
373,2011,George Hill,2.6540090276342085,0,2,1,3
374,2011,Gerald Henderson,3.8774033491833775,0,2,0,3
375,2011,Gerald Wallace,16.366894080352836,1,0,3,1
376,2011,Gilbert Arenas,0.4510871063331266,0,0,1,3
377,2011,Glen Davis,10.85383502170767,1,0,0,3
378,2011,Goran Dragic,3.631727654882503,0,2,3,3
379,2011,Gordon Hayward,4.668389497622493,0,1,0,0
380,2011,Grant Hill,11.19840121287299,1,0,3,3
381,2011,Greg Monroe,5.1821376886499895,1,2,0,1
382,2011,Greivis Vasquez,1.9185445524085176,0,1,3,0
383,2011,Hamed Haddadi,2.2396802425745985,1,1,0,1
384,2011,Hedo Turkoglu,18.978447384742612,1,2,1,3
385,2011,Henry Walker,1.5249121356212532,1,1,3,3
386,2011,Ian Mahinmi,1.5778581765557165,1,1,0,3
387,2011,Ish Smith,0.9001309351526429,0,1,0,0
388,2011,J.J. Barea,7.408173110054443,0,2,1,3
389,2011,JaVale McGee,4.242298945627455,1,2,0,1
390,2011,Jamal Crawford,8.61415477913307,0,0,2,3
391,2011,Jamario Moon,0.16542105988560402,0,1,3,0
392,2011,Jameer Nelson,14.816346220108885,0,0,1,1
393,2011,James Anderson,2.4163393287850594,0,1,0,0
394,2011,James Harden,7.9332230721521615,0,2,2,1
395,2011,James Johnson,4.844610984770174,1,1,0,3
396,2011,James Jones,2.5842464337399216,1,1,1,3
397,2011,Jared Dudley,7.322031562263111,1,2,1,1
398,2011,Jarrett Jack,8.61415477913307,0,2,0,3
399,2011,Jason Kidd,17.436772103921165,0,2,2,3
400,2011,Jason Richardson,9.294673006684583,1,0,1,1
401,2011,Jason Smith,4.307077389566535,1,1,0,0
402,2011,Jason Terry,19.22334780511336,0,0,2,1
403,2011,Jason Thompson,5.170704982427123,1,2,0,3
404,2011,Jeff Teague,2.7219350837295844,0,1,0,3
405,2011,Jermaine O'Neal,10.726690097167666,1,1,0,0
406,2011,Jerryd Bayless,5.241334160292191,0,2,3,3
407,2011,Joakim Noah,20.673971469919373,1,0,0,1
408,2011,Joe Johnson,31.07741196333816,1,3,1,1
409,2011,Johan Petro,5.599200606436495,1,1,0,0
410,2011,John Salmons,13.925642615946527,0,0,1,3
411,2011,John Wall,9.527393012197646,0,0,3,1
412,2011,Jonny Flynn,5.882985321480256,0,1,3,0
413,2011,Jordan Crawford,1.930328716146372,0,2,3,0
414,2011,Jordan Farmar,6.891323823306457,0,2,1,3
415,2011,Jordan Hill,4.919991730411412,1,1,0,3
416,2011,Jose Calderon,18.196509544483494,0,2,3,1
417,2011,Josh Childress,11.19840121287299,0,1,0,3
418,2011,Josh Howard,3.7040865550272213,0,2,0,0
419,2011,Josh McRoberts,5.168492867479843,1,2,0,1
420,2011,Josh Smith,21.363103852250017,1,0,3,1
421,2011,Jrue Holiday,4.608317827854732,0,0,1,1
422,2011,Keith Bogans,2.9770518916683897,0,1,1,0
423,2011,Kenyon Martin,4.307077389566535,1,2,0,3
424,2011,Kevin Durant,26.715305630211557,1,3,2,2
425,2011,Kevin Garnett,36.605065123010135,1,0,0,2
426,2011,Kevin Love,7.941735579904899,1,3,1,2
427,2011,Kevin Martin,19.846736958169664,0,3,2,2
428,2011,Keyon Dooling,3.8701674591689055,0,1,1,3
429,2011,Kirk Hinrich,13.782647646612912,0,2,3,3
430,2011,Kobe Bryant,43.49199400454828,0,3,2,2
431,2011,Kosta Koufos,3.7967610778030463,1,1,0,3
432,2011,Kris Humphries,13.782647646612912,1,2,0,1
433,2011,Kurt Thomas,2.329579284680587,1,1,0,0
434,2011,Kyle Lowry,9.906277996003032,0,0,2,1
435,2011,Kyrylo Fesenko,0.7494314657845772,1,1,0,0
436,2011,LaMarcus Aldridge,24.119633381572598,1,3,0,2
437,2011,Lamar Odom,15.333195506856867,1,0,3,1
438,2011,Lance Stephenson,1.3954930742195577,0,1,0,0
439,2011,Larry Owens,0.03839673351250776,0,1,0,3
440,2011,Lazar Hayward,1.8908414306388257,1,1,0,0
441,2011,LeBron James,30.227069119977948,1,3,1,2
442,2011,Leandro Barbosa,13.093515264282267,0,0,1,1
443,2011,Lester Hudson,0.08309558266142926,0,1,0,0
444,2011,Linas Kleiza,7.925022396802426,1,2,3,0
445,2011,Lou Williams,8.917373027358554,0,0,1,1
446,2011,Luis Scola,14.802206946454413,1,3,0,1
447,2011,Luke Babbitt,3.2600785610915866,1,1,0,0
448,2011,Luke Ridnour,6.3400179174419415,0,2,3,3
449,2011,Luke Walton,10.287649024877679,1,1,0,0
450,2011,Luol Deng,21.23389153056302,1,0,2,1
451,2011,Manny Harris,0.4341809661636001,0,1,3,0
452,2011,Manu Ginobili,24.304823926676317,0,0,2,2
453,2011,Marc Gasol,22.262755840396935,1,2,0,1
454,2011,Marcin Gortat,12.50596099510716,1,2,0,1
455,2011,Marco Belinelli,5.819040727723795,0,2,2,3
456,2011,Marcus Camby,19.34265384880436,1,2,0,3
457,2011,Marcus Thornton,12.964302942595275,0,0,3,1
458,2011,Mario Chalmers,6.891323823306457,0,1,1,0
459,2011,Marreese Speights,4.6882623526979526,1,1,0,1
460,2011,Martell Webster,9.055199503824683,1,2,3,3
461,2011,Marvin Williams,12.921232168699607,1,2,3,3
462,2011,Matt Barnes,3.284060367996692,1,1,3,3
463,2011,Matt Bonner,6.253876369650611,1,1,1,3
464,2011,Matt Carroll,6.7190407277237965,0,1,0,3
465,2011,Mehmet Okur,18.76162910895183,1,1,0,3
466,2011,Michael Beasley,10.78896526772793,1,3,3,1
467,2011,Michael Redd,1.4244848735442075,0,1,0,0
468,2011,Mike Conley,11.390619185445525,0,0,1,1
469,2011,Mike Dunleavy,6.460616084349804,1,2,1,3
470,2011,Mike Miller,9.303287161463718,0,1,3,0
471,2011,Mo Williams,14.644063124526221,0,0,3,3
472,2011,Monta Ellis,18.951140514092764,0,3,2,1
473,2011,Nate Robinson,1.3532613189993796,0,1,3,0
474,2011,Nazr Mohammed,6.460616084349804,1,2,0,1
475,2011,Nick Young,6.367336847908484,0,0,1,3
476,2011,Nicolas Batum,3.7133295431052296,0,2,2,3
477,2011,O.J. Mayo,9.704081386534352,0,2,1,3
478,2011,Omri Casspi,2.3119702294810835,1,2,1,3
479,2011,Patrick Patterson,3.3766797601819314,1,1,0,1
480,2011,Patty Mills,0.3678536971952312,0,1,3,3
481,2011,Pau Gasol,32.241316931982624,1,3,0,2
482,2011,Paul George,4.1455447591482315,1,2,3,3
483,2011,Paul Millsap,14.822605264971399,1,0,0,1
484,2011,Paul Pierce,26.41674247122873,1,0,1,1
485,2011,Quentin Richardson,4.214389084143064,1,1,3,0
486,2011,Quincy Pondexter,1.987802356832748,1,1,0,0
487,2011,Raja Bell,5.995451726276617,0,2,1,0
488,2011,Rajon Rondo,17.306619116532286,0,0,0,1
489,2011,Ramon Sessions,7.335767693473914,0,0,0,1
490,2011,Randy Foye,7.322031562263111,0,2,1,3
491,2011,Rashard Lewis,36.41484218868445,1,2,3,3
492,2011,Ray Allen,17.22830955826614,0,0,2,1
493,2011,Raymond Felton,13.024602026049207,0,0,1,1
494,2011,Renaldo Balkman,2.8857418510095787,1,1,0,0
495,2011,Richard Jefferson,15.991316931982631,1,2,1,3
496,2011,Rodney Stuckey,14.644063124526221,0,0,3,1
497,2011,Rodrigue Beaubois,2.1306594996898904,0,2,3,3
498,2011,Ronnie Brewer,8.114533801943354,1,1,0,3
499,2011,Roy Hibbert,4.459702983943215,1,0,0,1
500,2011,Royal Ivey,2.067397146991937,0,1,0,0
501,2011,Rudy Fernandez,3.7565346978154506,0,2,2,3
502,2011,Rudy Gay,25.89784301564331,1,3,3,1
503,2011,Russell Westbrook,8.756143615188478,0,3,3,2
504,2011,Ryan Anderson,3.8670680862793754,1,2,2,1
505,2011,Ryan Gomes,6.891323823306457,1,2,1,0
506,2011,Sam Young,2.041123974915581,0,2,0,3
507,2011,Samardo Samuels,1.3131331403762665,1,2,0,3
508,2011,Samuel Dalembert,12.059816690786299,1,2,0,3
509,2011,Sebastian Telfair,2.7005375232582183,0,2,3,0
510,2011,Serge Ibaka,2.2193508372958446,1,2,0,1
511,2011,Shane Battier,5.4010750465164366,1,1,3,3
512,2011,Shannon Brown,6.0299083453931495,0,2,1,3
513,2011,Shaun Livingston,6.0299083453931495,0,1,0,3
514,2011,Shawn Marion,13.821323478740268,1,0,0,1
515,2011,Shawne Williams,5.4010750465164366,1,1,1,3
516,2011,Solomon Jones,1.365131624285025,1,1,0,0
517,2011,Spencer Hawes,6.979229549996553,1,2,0,3
518,2011,Stephen Curry,5.370270829026255,0,0,2,1
519,2011,Stephen Jackson,1.8257701054372544,1,3,2,3
520,2011,Steve Nash,20.138277858176558,0,0,1,2
521,2011,Taj Gibson,2.0599545172627662,1,2,0,3
522,2011,Tayshaun Prince,10.840284956240094,1,0,3,1
523,2011,Terrence Williams,0.4392150782165254,0,1,0,0
524,2011,Thabo Sefolosha,5.685342154227826,0,1,3,0
525,2011,Thaddeus Young,13.850062021914413,1,0,0,1
526,2011,Tiago Splitter,6.794845289780168,1,1,0,1
527,2011,Tim Duncan,36.463060781476116,1,0,0,2
528,2011,Toney Douglas,1.9737440562332025,0,2,2,1
529,2011,Tony Allen,5.426917510853835,0,2,0,1
530,2011,Tony Parker,21.53538694783268,0,0,0,2
531,2011,Travis Outlaw,5.168492867479843,0,2,1,0
532,2011,Trevor Ariza,11.69912480187444,0,2,1,3
533,2011,Trevor Booker,2.230928261319,1,1,0,1
534,2011,Trey Johnson,1.4719678175177453,0,1,0,0
535,2011,Ty Lawson,2.850320446557784,0,2,3,1
536,2011,Tyler Hansbrough,3.683481496795534,1,2,0,1
537,2011,Tyreke Evans,9.04800668458411,0,3,3,3
538,2011,Tyrus Thomas,12.58663255461374,1,2,0,1
539,2011,Vince Carter,5.168492867479843,0,0,1,3
540,2011,Von Wafer,1.8425832127351665,0,1,0,0
541,2011,Wayne Ellington,1.988215836262146,0,1,3,0
542,2011,Wesley Johnson,6.901798635517883,0,2,1,0
543,2011,Wesley Matthews,11.207566673557992,0,0,2,1
544,2011,Wilson Chandler,9.504279512094273,1,0,1,3
545,2011,Xavier Henry,3.7413686169113087,0,1,0,0
546,2011,Yi Jianlian,1.3295189855971332,1,1,0,0
547,2011,Zach Randolph,26.187030528564534,1,3,0,2
548,2012,Al Harrington,12.315829370822135,1,0,1,1
549,2012,Al Horford,20.673971469919373,1,0,0,1
550,2012,Al Jefferson,23.25821790365929,1,3,0,2
551,2012,Al-Farouq Aminu,5.078561091585693,1,1,0,0
552,2012,Alec Burks,3.637171800702915,0,2,0,3
553,2012,Alonzo Gee,6.0299083453931495,0,2,3,3
554,2012,Amar'e Stoudemire,34.36840844876301,1,3,0,1
555,2012,Amir Johnson,10.423127282751015,1,2,0,3
556,2012,Anderson Varejao,14.416962993591067,1,0,0,1
557,2012,Andre Iguodala,25.78776445455172,0,0,1,1
558,2012,Andre Miller,8.61415477913307,0,2,3,3
559,2012,Andrea Bargnani,17.22830955826614,1,3,3,1
560,2012,Andrew Bogut,22.39680242574598,1,0,0,3
561,2012,Anthony Randolph,2.885123354696437,1,2,0,1
562,2012,Arron Afflalo,13.35193990765626,0,0,1,3
563,2012,Austin Daye,5.096266625318724,0,1,0,0
564,2012,Avery Bradley,2.8095927227620425,0,2,0,3
565,2012,Ben Gordon,22.741368616911306,0,0,3,3
566,2012,Beno Udrih,12.7007098063538,0,1,0,3
567,2012,Blake Griffin,23.6049376335194,1,3,0,2
568,2012,Boris Diaw,7.752739301219765,1,1,0,3
569,2012,Brandan Wright,1.7102198332299634,1,1,0,2
570,2012,Brandon Jennings,5.477728964234028,0,3,2,1
571,2012,Brandon Knight,4.614843911515401,0,0,1,3
572,2012,C.J. Watson,1.7102198332299634,0,2,3,3
573,2012,Carlos Boozer,26.359313624147195,1,0,0,1
574,2012,Carlos Delfino,5.168492867479843,1,2,1,3
575,2012,Carmelo Anthony,33.499591689063465,1,3,1,2
576,2012,Chandler Parsons,1.53030459651299,1,2,3,3
577,2012,Charles Jenkins,1.3131331403762665,0,1,0,3
578,2012,Charlie Villanueva,13.886017503962512,1,2,0,1
579,2012,Chase Budinger,1.5249121356212532,1,2,1,3
580,2012,Chris Bosh,32.85007925022397,1,3,0,1
581,2012,Chris Duhon,6.0299083453931495,0,1,3,0
582,2012,Chris Paul,32.1625508235132,0,3,1,2
583,2012,Chris Singleton,2.788712011577424,1,1,3,0
584,2012,Chuck Hayes,9.451881331403762,1,1,0,0
585,2012,Corey Brewer,5.5871407897457095,0,2,3,3
586,2012,Corey Maggette,18.82044311212184,1,0,0,3
587,2012,Cory Higgins,1.3131331403762665,0,1,0,0
588,2012,Cory Joseph,1.8515608848459788,0,1,0,0
589,2012,DaJuan Summers,0.12558059403211358,1,1,0,0
590,2012,Daequan Cook,0.8831800013782648,0,1,1,0
591,2012,Dahntay Jones,4.996209771897182,1,1,3,0
592,2012,Damien Wilkins,1.4719678175177453,1,1,0,0
593,2012,Damion James,0.1187064985183654,1,1,0,0
594,2012,Daniel Gibson,8.256377920198469,0,2,3,0
595,2012,Daniel Orton,1.5782837158018057,1,1,0,3
596,2012,Danilo Gallinari,16.261801392047413,1,0,3,1
597,2012,Danny Granger,22.49777065674316,1,3,2,1
598,2012,Danny Green,6.0299083453931495,0,2,1,1
599,2012,Dante Cunningham,3.6007166976776235,1,1,0,3
600,2012,Darren Collison,3.2733788160705672,0,2,3,3
601,2012,David Lee,21.955757701054374,1,3,0,1
602,2012,David West,17.22830955826614,1,0,0,1
603,2012,DeAndre Jordan,18.92796843773689,1,2,0,1
604,2012,DeAndre Liggins,1.5234873544207843,0,1,0,0
605,2012,DeJuan Blair,1.8158638274412515,1,2,0,1
606,2012,DeMar DeRozan,5.761577424023155,0,0,3,3
607,2012,DeMarcus Cousins,6.6859623733719244,1,3,0,2
608,2012,DeMarre Carroll,1.5249121356212532,0,1,0,0
609,2012,DeShawn Stevenson,3.8599166149817377,0,1,3,0
610,2012,Derek Fisher,0.4502498104885949,0,1,0,0
611,2012,Deron Williams,29.594436978843635,0,3,2,2
612,2012,Derrick Williams,8.286541244573081,1,2,3,3
613,2012,Devin Harris,14.644063124526221,0,2,1,1
614,2012,Dirk Nowitzki,36.01944731582937,1,3,1,2
615,2012,Dominic McGuire,0.1187064985183654,1,1,0,3
616,2012,Dominique Jones,2.199297084970022,0,1,0,3
617,2012,Donald Sloan,0.1058972503617945,0,1,0,0
618,2012,Dorell Wright,7.073943904624077,0,2,1,3
619,2012,Drew Gooden,11.521259733994901,1,0,0,1
620,2012,Dwyane Wade,32.170422438150375,0,3,0,2
621,2012,E'Twaun Moore,1.5234873544207843,0,1,0,0
622,2012,Earl Watson,3.962511198401213,0,1,0,0
623,2012,Ed Davis,3.8023568327475705,1,2,0,3
624,2012,Ekpe Udoh,6.0727723795741175,1,1,0,3
625,2012,Elton Brand,3.618806422713804,1,0,0,1
626,2012,Enes Kanter,7.441389290882777,1,1,0,3
627,2012,Eric Bledsoe,4.524968989042795,0,1,0,3
628,2012,Eric Maynor,3.4732272069464547,0,1,0,0
629,2012,Ersan Ilyasova,13.610364551030251,1,0,3,2
630,2012,Evan Turner,9.119082075666736,1,2,0,3
631,2012,Francisco Garcia,10.509268830542348,0,1,3,0
632,2012,George Hill,13.782647646612912,0,2,3,1
633,2012,Gerald Wallace,16.681198745779064,1,0,3,1
634,2012,Glen Davis,11.026118117290332,1,2,0,3
635,2012,Goran Dragic,12.921232168699607,0,2,1,1
636,2012,Gordon Hayward,4.668389497622493,0,2,3,1
637,2012,Grant Hill,3.402591137757563,1,2,0,3
638,2012,Greg Monroe,5.5435187099441805,1,0,0,2
639,2012,Greivis Vasquez,2.0523051478188963,0,2,3,3
640,2012,Gustavo Ayon,2.5842464337399216,1,1,0,1
641,2012,Hamed Haddadi,2.2396802425745985,1,1,0,1
642,2012,Ian Mahinmi,6.891323823306457,1,1,0,3
643,2012,Iman Shumpert,2.8141409964854245,0,2,3,0
644,2012,Ish Smith,1.5693973537316517,0,1,0,3
645,2012,Ivan Johnson,1.657699331541589,1,1,0,3
646,2012,J.J. Barea,7.741540900006892,0,2,3,3
647,2012,Jamaal Tinsley,2.329579284680587,0,1,0,0
648,2012,Jamal Crawford,9.00179174419406,0,0,1,1
649,2012,Jameer Nelson,14.816346220108885,0,0,1,3
650,2012,James Anderson,0.917815794914203,0,1,0,0
651,2012,James Harden,10.027594583419477,0,0,1,2
652,2012,James Johnson,4.844610984770174,1,2,0,3
653,2012,Jan Vesely,5.755840396940253,1,1,0,3
654,2012,Jared Dudley,7.322031562263111,1,2,1,1
655,2012,Jared Jeffries,2.5413582799255745,1,1,0,0
656,2012,Jarrett Jack,9.303287161463718,0,0,3,1
657,2012,Jason Kidd,5.323547653504238,0,1,1,3
658,2012,Jason Maxiell,8.61415477913307,1,2,0,3
659,2012,Jason Richardson,9.991773482185927,1,2,1,3
660,2012,Jason Smith,4.307077389566535,1,2,0,1
661,2012,Jason Thompson,9.044862518089724,1,2,0,1
662,2012,Jeff Teague,4.1917803735097525,0,0,3,1
663,2012,Jeremy Evans,3.0922610433464266,0,1,0,1
664,2012,Jeremy Lin,14.428099372889534,0,0,3,1
665,2012,Jeremy Pargo,0.4557353042519468,0,1,0,0
666,2012,Jimmer Fredette,4.029770518916684,0,2,1,0
667,2012,Jimmy Butler,1.9173041141203224,1,1,0,3
668,2012,Joakim Noah,19.12342360967542,1,2,0,1
669,2012,Jodie Meeks,2.670387981531252,0,2,1,3
670,2012,Joe Johnson,34.030468265453784,1,3,2,1
671,2012,Johan Petro,6.0299083453931495,1,1,0,0
672,2012,John Salmons,13.925642615946527,0,2,3,0
673,2012,John Wall,12.852189718144855,0,0,0,1
674,2012,Jon Leuer,1.3131331403762665,1,1,0,1
675,2012,Jonas Jerebko,7.752739301219765,1,2,3,3
676,2012,Jordan Crawford,2.065123010130246,0,0,1,3
677,2012,Jordan Hamilton,1.9321893735786644,1,1,0,3
678,2012,Jordan Hill,6.139480394183723,1,1,0,1
679,2012,Jose Calderon,19.031408931155678,0,2,3,1
680,2012,Josh Harrellson,0.1058972503617945,1,1,0,3
681,2012,Josh Howard,1.3334298118668595,0,2,0,0
682,2012,Josh McRoberts,4.568947694852182,1,1,0,0
683,2012,Josh Smith,22.741368616911306,1,3,3,2
684,2012,Jrue Holiday,4.608317827854732,0,0,3,3
685,2012,Kawhi Leonard,3.11804837709324,1,2,3,1
686,2012,Kemba Walker,4.424850113706842,0,0,1,3
687,2012,Kenyon Martin,0.2943939080697402,1,1,0,0
688,2012,Kevin Durant,30.722600096478534,1,3,2,2
689,2012,Kevin Garnett,19.926719385293914,1,0,0,2
690,2012,Kevin Love,23.548945627455034,1,3,1,2
691,2012,Kevin Martin,21.43145717042244,0,0,1,1
692,2012,Kevin Seraphin,4.756932671766247,1,2,0,1
693,2012,Keyon Dooling,0.12987905726690094,0,1,3,0
694,2012,Kirk Hinrich,6.992970849700228,0,1,3,0
695,2012,Klay Thompson,3.828406036799669,0,0,1,3
696,2012,Kobe Bryant,52.46675797670733,0,3,1,2
697,2012,Kyle Lowry,9.906277996003032,0,0,1,1
698,2012,Kyrie Irving,9.26152573909448,0,3,3,2
699,2012,LaMarcus Aldridge,23.25821790365929,1,3,0,2
700,2012,Lance Stephenson,1.4988629315691544,1,1,0,0
701,2012,Landry Fields,10.76769347391634,0,2,3,3
702,2012,Larry Sanders,3.4314657845772163,1,1,0,3
703,2012,Lazar Hayward,0.9351319688512164,1,1,0,0
704,2012,LeBron James,32.85007925022397,1,3,3,2
705,2012,Linas Kleiza,7.925022396802426,1,2,3,3
706,2012,Lou Williams,8.61415477913307,0,0,1,2
707,2012,Luis Scola,7.767390255668112,1,0,0,1
708,2012,Luke Babbitt,3.2600785610915866,1,1,3,3
709,2012,Luke Ridnour,6.891323823306457,0,0,3,3
710,2012,Luol Deng,24.59341189442492,1,0,1,3
711,2012,Manu Ginobili,24.304823926676317,0,2,3,2
712,2012,MarShon Brooks,1.9985528219971056,0,0,3,3
713,2012,Marc Gasol,23.932463303700644,1,0,0,1
714,2012,Marcin Gortat,13.312797188339882,1,0,0,2
715,2012,Marco Belinelli,3.3715801805526833,0,2,1,3
716,2012,Marcus Camby,7.908376404107227,1,2,0,1
717,2012,Marcus Morris,3.423816415133347,1,1,0,0
718,2012,Marcus Thornton,12.964302942595275,0,3,1,1
719,2012,Mario Chalmers,6.891323823306457,0,2,1,3
720,2012,Markieff Morris,3.6038867066363456,1,2,3,3
721,2012,Marreese Speights,7.23589001447178,1,2,0,3
722,2012,Martell Webster,8.872579422507064,1,1,3,0
723,2012,Marvin Williams,14.277961546413064,1,2,3,1
724,2012,Matt Barnes,5.599200606436495,1,2,3,1
725,2012,Matt Bonner,6.253876369650611,1,1,1,3
726,2012,Matt Carroll,6.0299083453931495,0,1,0,0
727,2012,Michael Beasley,10.336985734959686,1,0,3,3
728,2012,Mickael Pietrus,1.2035507545999586,0,1,3,0
729,2012,Mike Conley,12.931200468610019,0,0,3,1
730,2012,Mike Dunleavy,5.483770932396114,1,2,1,1
731,2012,Mike James,0.8658621046102957,0,1,0,3
732,2012,Mike Miller,10.681551926125008,0,1,3,3
733,2012,Mo Williams,14.644063124526221,0,0,1,3
734,2012,Monta Ellis,18.951140514092764,0,3,3,1
735,2012,Nazr Mohammed,1.5234873544207843,1,1,0,3
736,2012,Nick Collison,4.4546688718902905,1,1,0,3
737,2012,Nick Young,9.647853352629038,0,0,1,3
738,2012,Nicolas Batum,18.692715870718764,0,0,1,1
739,2012,Nikola Vucevic,3.0899317758941494,1,1,0,3
740,2012,Nolan Smith,2.352904692991524,0,1,0,0
741,2012,Norris Cole,1.945420715319413,0,2,3,0
742,2012,O.J. Mayo,6.9257804424229885,0,0,1,3
743,2012,Omri Casspi,3.923413272689684,1,1,3,3
744,2012,Patrick Patterson,3.612363034939012,1,2,0,3
745,2012,Patty Mills,1.869478326786576,0,2,0,2
746,2012,Pau Gasol,33.2262593894287,1,3,0,2
747,2012,Paul George,4.434773620012403,1,2,1,1
748,2012,Paul Millsap,14.822605264971399,1,0,0,2
749,2012,Paul Pierce,28.926926125008613,1,3,1,1
750,2012,Quentin Richardson,4.526566053338847,1,1,3,0
751,2012,Quincy Pondexter,2.1265247053959064,1,1,0,0
752,2012,Rajon Rondo,18.951140514092764,0,0,0,1
753,2012,Randy Foye,4.307077389566535,0,2,2,3
754,2012,Rashard Lewis,2.4111139824960373,1,2,0,0
755,2012,Ray Allen,5.5631072979119285,0,0,1,3
756,2012,Raymond Felton,5.996232168699608,0,0,1,3
757,2012,Reggie Jackson,2.1713872234856315,0,1,0,0
758,2012,Richard Hamilton,8.61415477913307,0,0,0,3
759,2012,Richard Jefferson,17.51085383502171,1,2,3,3
760,2012,Ricky Rubio,6.445317345462064,0,2,3,3
761,2012,Rodney Stuckey,14.644063124526221,0,0,3,1
762,2012,Rodrigue Beaubois,3.83731824133416,0,2,3,1
763,2012,Ronnie Price,1.9749448694094136,0,1,0,0
764,2012,Rudy Gay,28.358724415960307,1,3,3,1
765,2012,Russell Westbrook,25.315116118806426,0,3,1,2
766,2012,Ryan Anderson,14.988629315691545,1,0,2,2
767,2012,Sam Young,0.6926900282544277,1,1,0,0
768,2012,Samuel Dalembert,11.540495141616704,1,2,0,1
769,2012,Sasha Pavlovic,2.123756116049893,1,1,0,0
770,2012,Sebastian Telfair,2.7005375232582183,0,1,3,3
771,2012,Serge Ibaka,21.27696230445868,1,2,0,1
772,2012,Shane Battier,5.633657225553027,1,1,3,0
773,2012,Shaun Livingston,1.3334298118668595,0,1,0,3
774,2012,Shawn Marion,14.896223554544829,1,0,0,3
775,2012,Shelvin Mack,0.1776600509957963,0,1,0,3
776,2012,Spencer Hawes,11.19840121287299,1,2,0,1
777,2012,Stephen Curry,6.820243263730964,0,0,3,2
778,2012,Stephen Jackson,17.331248707876785,1,2,3,0
779,2012,Steve Nash,16.023189304665426,0,0,3,2
780,2012,Steve Novak,6.984451450623665,1,1,1,1
781,2012,Tayshaun Prince,11.653306112604229,1,0,3,3
782,2012,Terrel Harris,0.16221142581489906,0,1,0,0
783,2012,Terrence Williams,0.4215939632003308,0,2,0,3
784,2012,Thabo Sefolosha,6.7190407277237965,0,1,0,0
785,2012,Thaddeus Young,14.280769760871062,1,0,0,1
786,2012,Tim Duncan,16.605599200606438,1,0,0,2
787,2012,Tobias Harris,2.6632210047550133,1,1,0,3
788,2012,Toney Douglas,3.5626076769347392,0,2,3,0
789,2012,Tony Allen,5.685342154227826,0,2,0,1
790,2012,Tony Parker,21.53538694783268,0,3,0,2
791,2012,Trevor Ariza,13.312797188339882,0,2,3,3
792,2012,Trevor Booker,4.050065467576322,1,2,0,1
793,2012,Tristan Thompson,6.709117221418233,1,2,0,3
794,2012,Troy Murphy,1.4459926951967472,1,1,0,0
795,2012,Ty Lawson,4.3837933291985385,0,0,1,1
796,2012,Tyler Hansbrough,5.263694783267867,1,2,0,3
797,2012,Tyler Honeycutt,1.3952777203500792,0,1,0,0
798,2012,Tyreke Evans,9.046283853628283,0,0,3,1
799,2012,Tyrus Thomas,13.782647646612912,1,1,0,0
800,2012,Tyson Chandler,23.43771621528496,1,2,0,1
801,2012,Vince Carter,5.323547653504238,0,2,1,3
802,2012,Wayne Ellington,3.5887292398869817,0,1,3,0
803,2012,Wesley Johnson,7.3832954310523045,0,1,3,0
804,2012,Wesley Matthews,11.207566673557992,0,0,2,3
805,2012,Will Bynum,5.599200606436495,0,1,0,0
806,2012,Willie Green,2.4111139824960373,0,1,3,3
807,2012,Wilson Chandler,10.217100820067532,1,2,0,0
808,2012,Xavier Henry,4.00248087657639,0,1,0,0
809,2012,Zach Randolph,28.42671077113913,1,0,0,1
810,2013,Al Horford,20.673971469919373,1,3,0,1
811,2013,Al Jefferson,23.25821790365929,1,3,0,2
812,2013,Al-Farouq Aminu,6.4599303976293845,1,2,0,3
813,2013,Alan Anderson,1.6330835228447385,0,2,1,3
814,2013,Alec Burks,3.793673764730205,0,1,3,3
815,2013,Alexey Shved,5.426917510853835,0,2,1,3
816,2013,Anderson Varejao,15.568127627317207,1,0,0,2
817,2013,Andray Blatche,2.3699331541589137,1,2,0,2
818,2013,Andre Drummond,4.247467438494935,1,2,0,2
819,2013,Andre Iguodala,22.170477568740953,0,0,1,1
820,2013,Andre Miller,8.61415477913307,0,2,0,1
821,2013,Andrea Bargnani,20.437082213493213,1,0,3,3
822,2013,Andrei Kirilenko,5.483770932396114,1,2,3,1
823,2013,Andrew Bogut,24.119633381572598,1,2,0,3
824,2013,Anthony Davis,9.26152573909448,1,0,0,2
825,2013,Anthony Morrow,1.7700778719592032,0,1,0,3
826,2013,Anthony Randolph,3.0149541726965747,1,1,0,1
827,2013,Austin Daye,1.6330835228447385,0,1,0,3
828,2013,Austin Rivers,4.029770518916684,0,1,3,0
829,2013,Avery Bradley,4.3267727930535465,0,2,3,0
830,2013,Blake Griffin,28.325925160223278,1,3,0,2
831,2013,Boris Diaw,8.101612569774653,1,1,3,3
832,2013,Bradley Beal,7.441389290882777,0,0,1,3
833,2013,Brandan Wright,8.61415477913307,1,2,0,2
834,2013,Brandon Bass,11.112259665081663,1,2,0,3
835,2013,Brandon Jennings,13.189137550823512,0,0,2,1
836,2013,Brandon Knight,4.813520777341327,0,0,2,3
837,2013,Brian Roberts,1.3590931017848529,0,1,3,3
838,2013,Byron Mullens,1.6330835228447385,1,2,1,3
839,2013,C.J. Watson,3.4732272069464547,0,1,1,3
840,2013,Carl Landry,11.19840121287299,1,2,0,1
841,2013,Carlos Boozer,26.359313624147195,1,3,0,1
842,2013,Carmelo Anthony,36.849550341120526,1,3,2,2
843,2013,Caron Butler,0.4212132175590931,1,2,2,3
844,2013,Cartier Martin,0.17923299565846598,1,1,3,0
845,2013,Chandler Parsons,1.596202880573358,1,0,2,1
846,2013,Charlie Villanueva,14.78188960099235,1,1,1,3
847,2013,Chase Budinger,8.61415477913307,0,2,3,3
848,2013,Chauncey Billups,4.307077389566535,0,1,3,3
849,2013,Chris Andersen,2.4111139824960373,1,1,0,1
850,2013,Chris Bosh,32.85007925022397,1,0,0,2
851,2013,Chris Copeland,5.168492867479843,1,2,3,1
852,2013,Chris Douglas-Roberts,1.138134863207222,0,1,0,0
853,2013,Chris Johnson,0.5516315209151678,0,1,0,0
854,2013,Chris Paul,32.1625508235132,0,0,1,2
855,2013,Chris Singleton,2.788712011577424,1,1,0,0
856,2013,Chuck Hayes,9.8589001447178,1,1,0,0
857,2013,Cory Joseph,1.9311556750051684,0,1,0,3
858,2013,Courtney Lee,9.00179174419406,0,2,3,3
859,2013,D.J. Augustin,1.120210529942802,0,1,1,3
860,2013,Damian Lillard,5.5180897250361785,0,3,2,1
861,2013,Danny Granger,0.43016160154365657,1,1,0,0
862,2013,Danny Green,6.482151471297637,0,2,2,3
863,2013,Dante Cunningham,3.755771483702018,1,2,0,3
864,2013,Darrell Arthur,5.56764351181862,1,1,0,3
865,2013,Darren Collison,3.2733788160705672,0,2,3,1
866,2013,David Lee,23.909448004961753,1,3,0,1
867,2013,DeMar DeRozan,16.366894080352836,0,3,3,3
868,2013,DeMarcus Cousins,8.471115016194611,1,3,0,2
869,2013,DeMarre Carroll,4.406217696919578,0,1,0,1
870,2013,Deron Williams,31.814020398318515,0,0,2,2
871,2013,Derrick Favors,10.351106057473643,1,2,0,1
872,2013,Derrick Williams,8.643373992143893,1,2,1,3
873,2013,Diante Garrett,1.2391737302735857,0,1,0,0
874,2013,Dion Waiters,6.709117221418233,0,0,1,3
875,2013,Dirk Nowitzki,39.14509854593067,1,0,3,1
876,2013,Donatas Motiejunas,2.4511060574736407,1,1,3,3
877,2013,Draymond Green,1.5083385018262008,1,1,0,0
878,2013,Drew Gooden,0.08961649782923299,1,1,0,0
879,2013,Dwight Howard,35.340738060781476,1,0,0,1
880,2013,Dwyane Wade,32.170422438150375,0,3,0,2
881,2013,E'Twaun Moore,1.5234873544207843,0,2,1,0
882,2013,Ekpe Udoh,7.700275652952932,1,1,0,3
883,2013,Elton Brand,6.891323823306457,1,2,0,1
884,2013,Enes Kanter,7.761835848666529,1,2,0,1
885,2013,Eric Bledsoe,4.524970711873751,0,2,3,1
886,2013,Eric Gordon,24.608648611398248,0,0,3,1
887,2013,Ersan Ilyasova,13.610364551030251,1,0,1,1
888,2013,Evan Fournier,2.4511060574736407,0,1,0,3
889,2013,Evan Turner,11.508281648404658,1,0,3,3
890,2013,Francisco Garcia,2.1810643649645094,0,1,3,3
891,2013,Garrett Temple,1.5234873544207843,0,1,3,0
892,2013,Gary Neal,5.599200606436495,0,2,1,3
893,2013,George Hill,13.782647646612912,0,0,2,1
894,2013,Gerald Green,6.0299083453931495,0,1,1,0
895,2013,Gerald Henderson,10.336985734959686,0,0,3,1
896,2013,Gerald Wallace,17.41067982909517,1,2,3,3
897,2013,Goran Dragic,12.921232168699607,0,0,1,1
898,2013,Gordon Hayward,5.947527737578389,1,0,1,1
899,2013,Greg Monroe,7.040269450761491,1,0,0,1
900,2013,Greg Smith,0.02688477706567432,1,1,0,1
901,2013,Greivis Vasquez,3.704410447246916,0,0,1,1
902,2013,Harrison Barnes,5.037419888360554,0,2,3,3
903,2013,Hedo Turkoglu,0.8155140927572188,1,1,0,0
904,2013,Ian Mahinmi,6.891323823306457,1,1,0,0
905,2013,Iman Shumpert,2.9352904692991526,0,1,3,3
906,2013,Ish Smith,1.6392099097236583,0,1,0,0
907,2013,J.J. Barea,8.074908689959342,0,2,1,3
908,2013,JaVale McGee,18.520432775136108,1,2,0,2
909,2013,Jae Crowder,1.3590931017848529,1,1,1,0
910,2013,Jamal Crawford,9.00179174419406,0,0,2,1
911,2013,James Harden,23.6049376335194,0,3,2,2
912,2013,James Johnson,1.0933257528771276,1,1,0,0
913,2013,James Jones,2.5842464337399216,1,1,0,0
914,2013,Jan Vesely,5.755840396940253,1,1,0,0
915,2013,Jannero Pargo,1.5234873544207843,0,1,0,0
916,2013,Jared Cunningham,0.07994624767417821,0,1,0,3
917,2013,Jared Dudley,7.322031562263111,1,2,1,3
918,2013,Jared Sullinger,2.352904692991524,1,1,0,3
919,2013,Jarrett Jack,10.85383502170767,0,0,1,1
920,2013,Jason Smith,4.307077389566535,1,2,0,1
921,2013,Jason Terry,9.691463372613876,0,2,2,3
922,2013,Jason Thompson,9.723227206946452,1,2,0,3
923,2013,Jeff Adrien,1.5782837158018057,1,1,0,3
924,2013,Jeff Ayres,3.0149541726965747,1,1,0,3
925,2013,Jeff Green,14.988629315691545,1,0,3,3
926,2013,Jeff Teague,13.782647646612912,0,0,1,1
927,2013,Jeffery Taylor,1.3590931017848529,1,1,3,0
928,2013,Jeremy Evans,2.8603421542278267,0,1,0,1
929,2013,Jeremy Lamb,3.637171800702915,0,1,0,3
930,2013,Jeremy Lin,14.428099372889534,0,0,1,3
931,2013,Jerryd Bayless,5.4010750465164366,0,2,1,3
932,2013,Jimmer Fredette,0.4122372682792365,0,1,3,3
933,2013,Jimmy Butler,1.9173041141203224,1,2,3,1
934,2013,Joakim Noah,19.12342360967542,1,0,0,1
935,2013,Jodie Meeks,2.670387981531252,0,1,2,3
936,2013,Joe Johnson,36.983526290400384,1,0,2,3
937,2013,John Henson,3.282613189993798,1,1,0,1
938,2013,John Jenkins,2.1686996071945424,0,1,3,3
939,2013,John Salmons,13.064227138033216,0,2,1,0
940,2013,John Wall,12.852189718144855,0,3,0,2
941,2013,Jon Leuer,1.5505478602439529,1,1,0,0
942,2013,Jonas Jerebko,7.752739301219765,1,2,3,1
943,2013,Jordan Crawford,3.7254823926676313,0,2,3,3
944,2013,Jordan Hamilton,2.01550547860244,1,1,0,1
945,2013,Jose Calderon,11.70072703466336,0,2,1,1
946,2013,Josh Smith,23.25821790365929,1,3,1,1
947,2013,Jrue Holiday,16.734690924126525,0,3,1,1
948,2013,Kawhi Leonard,3.252429191647716,1,2,3,1
949,2013,Keith Bogans,8.714420095100268,0,1,1,0
950,2013,Kemba Walker,4.424850113706842,0,3,2,1
951,2013,Kendall Marshall,0.9433705464819792,0,1,0,0
952,2013,Kendrick Perkins,15.035898628626562,1,1,0,0
953,2013,Kent Bazemore,1.3590931017848529,0,1,0,3
954,2013,Kevin Durant,30.72260181930949,1,3,2,2
955,2013,Kevin Garnett,21.421223554544827,1,0,0,1
956,2013,Kevin Love,25.315116118806426,1,3,3,1
957,2013,Kevin Martin,11.19840121287299,0,2,2,1
958,2013,Khris Middleton,1.3590931017848529,1,1,0,3
959,2013,Kirk Hinrich,6.992970849700228,0,2,3,0
960,2013,Klay Thompson,3.9933843291296256,0,0,2,3
961,2013,Kobe Bryant,52.46675797670733,0,3,2,2
962,2013,Kosta Koufos,5.168492867479843,1,2,0,1
963,2013,Kris Humphries,20.673971469919373,1,1,0,3
964,2013,Kyle Korver,11.647307215216046,0,2,2,3
965,2013,Kyle Lowry,10.698780235683275,0,2,1,1
966,2013,Kyle Singler,1.8003583488388115,1,2,1,0
967,2013,Kyrie Irving,9.660326648749225,0,3,1,2
968,2013,LaMarcus Aldridge,25.63227896078837,1,3,0,2
969,2013,Lance Stephenson,1.7314451106057474,1,2,1,3
970,2013,Landry Fields,10.76769347391634,0,1,0,0
971,2013,Larry Sanders,5.260436909930398,1,2,0,1
972,2013,Lavoy Allen,5.2718627248294405,1,1,0,3
973,2013,LeBron James,32.85007925022397,1,3,1,2
974,2013,Leandro Barbosa,0.7079732616635656,0,1,0,3
975,2013,Lou Williams,9.00179174419406,0,0,1,1
976,2013,Luis Scola,7.767390255668112,1,0,0,1
977,2013,Luke Babbitt,0.6684497967059472,1,1,3,0
978,2013,Luke Ridnour,7.614912824753635,0,2,1,3
979,2013,Luol Deng,24.59341189442492,1,0,1,1
980,2013,Manu Ginobili,12.921232168699607,0,2,1,1
981,2013,MarShon Brooks,2.0847632830266694,0,1,0,3
982,2013,Marc Gasol,25.60216904417339,1,0,0,1
983,2013,Marcin Gortat,13.312797188339882,1,0,0,1
984,2013,Marco Belinelli,4.737785128523188,0,2,1,0
985,2013,Marcus Morris,3.423816415133347,1,2,3,0
986,2013,Marcus Thornton,13.868789194404249,0,2,2,1
987,2013,Mario Chalmers,6.891323823306457,0,2,1,3
988,2013,Markieff Morris,3.6038867066363456,1,2,3,3
989,2013,Marquis Teague,1.8515608848459788,0,1,0,0
990,2013,Marreese Speights,6.0299083453931495,1,2,0,1
991,2013,Martell Webster,8.872579422507064,1,2,2,3
992,2013,Marvin Williams,12.921232168699607,1,2,3,0
993,2013,Matt Barnes,5.599200606436495,1,2,2,1
994,2013,Matt Bonner,6.7965681207359925,1,1,3,3
995,2013,Maurice Harkless,3.11804837709324,1,2,3,3
996,2013,Meyers Leonard,3.828406036799669,1,1,0,3
997,2013,Michael Kidd-Gilchrist,8.286541244573081,1,2,0,3
998,2013,Mike Conley,14.816347942939839,0,0,1,1
999,2013,Mike Dunleavy,5.483770932396114,1,2,1,3
1000,2013,Mike James,0.0992815794914203,0,1,3,0
1001,2013,Mirza Teletovic,5.5631072979119285,1,1,3,3
1002,2013,Mo Williams,4.568947694852182,0,0,3,3
1003,2013,Nate Robinson,3.4732272069464547,0,0,2,1
1004,2013,Nick Collison,4.4546688718902905,1,1,0,3
1005,2013,Nick Young,1.907073943904624,0,2,1,3
1006,2013,Nicolas Batum,19.459806353800566,0,0,2,1
1007,2013,Nikola Vucevic,3.0899317758941494,1,0,0,1
1008,2013,Norris Cole,1.945420715319413,0,1,3,0
1009,2013,O.J. Mayo,13.782647646612912,0,0,2,3
1010,2013,Omer Asik,14.428099372889534,1,2,0,3
1011,2013,Omri Casspi,1.6330835228447385,1,1,3,3
1012,2013,Pablo Prigioni,2.7416270415546826,0,1,3,3
1013,2013,Patrick Patterson,5.3499104127902966,1,2,3,3
1014,2013,Patty Mills,1.9536041623595892,0,1,3,3
1015,2013,Pau Gasol,33.2262593894287,1,0,0,1
1016,2013,Paul George,5.6543363655158165,1,0,2,1
1017,2013,Paul Millsap,16.366894080352836,1,0,0,1
1018,2013,Paul Pierce,26.41674247122873,1,0,2,1
1019,2013,Quincy Miller,1.3590931017848529,1,1,0,0
1020,2013,Quincy Pondexter,3.834124112742058,1,1,3,3
1021,2013,Rajon Rondo,20.595660188822276,0,0,0,1
1022,2013,Ramon Sessions,8.61415477913307,0,0,3,1
1023,2013,Rashard Lewis,2.4111139824960373,1,1,3,3
1024,2013,Ray Allen,5.5631072979119285,0,2,2,3
1025,2013,Raymond Felton,6.266061953001173,0,0,1,1
1026,2013,Reggie Jackson,2.1713872234856315,0,1,3,3
1027,2013,Richard Jefferson,19.03039073806078,1,1,0,0
1028,2013,Ricky Rubio,6.337189029012473,0,2,3,1
1029,2013,Rodney Stuckey,14.644063124526221,0,2,3,3
1030,2013,Ronnie Brewer,0.12023981806905107,1,1,0,0
1031,2013,Roy Hibbert,24.608648611398248,1,0,0,1
1032,2013,Rudy Gay,30.819605816277303,1,3,3,1
1033,2013,Russell Westbrook,25.315116118806426,0,3,1,2
1034,2013,Ryan Anderson,14.314140996485426,1,0,2,1
1035,2013,Samuel Dalembert,6.375763214113432,1,2,0,1
1036,2013,Serge Ibaka,21.27696230445868,1,0,0,1
1037,2013,Shane Battier,5.633657225553027,1,1,1,0
1038,2013,Shannon Brown,0.3246468196540555,0,2,3,3
1039,2013,Shawn Marion,16.051264557921574,1,0,0,1
1040,2013,Shelvin Mack,1.5234873544207843,0,1,0,3
1041,2013,Spencer Hawes,11.19840121287299,1,0,3,1
1042,2013,Stephen Curry,17.034735717731376,0,3,2,2
1043,2013,Steve Blake,6.891323823306457,0,1,3,3
1044,2013,Steve Nash,16.023189304665426,0,0,3,1
1045,2013,Steve Novak,6.460616084349804,1,1,2,3
1046,2013,Taj Gibson,13.007373716490939,1,2,0,3
1047,2013,Tayshaun Prince,12.466327268968367,1,2,0,3
1048,2013,Terrence Jones,2.6735579904899733,1,1,0,1
1049,2013,Terrence Ross,4.614843911515401,0,1,1,0
1050,2013,Thabo Sefolosha,6.7190407277237965,1,1,1,3
1051,2013,Thaddeus Young,15.247053959065536,1,0,0,1
1052,2013,Thomas Robinson,6.075459995865206,1,1,0,3
1053,2013,Tiago Splitter,17.22830955826614,1,2,0,1
1054,2013,Tim Duncan,17.85101991592585,1,3,0,2
1055,2013,Timofey Mozgov,7.580456205637102,1,1,0,3
1056,2013,Tobias Harris,2.6632210047550133,1,2,0,1
1057,2013,Toney Douglas,2.756529529322583,0,1,3,3
1058,2013,Tony Allen,7.743062159740886,0,2,0,3
1059,2013,Tony Parker,21.53538694783268,0,3,0,2
1060,2013,Tony Wroten,1.9985528219971056,0,1,0,0
1061,2013,Travis Outlaw,5.168492867479843,0,1,0,3
1062,2013,Trevor Ariza,13.312797188339882,1,2,1,3
1063,2013,Trevor Booker,4.050065467576322,1,1,0,3
1064,2013,Tristan Thompson,6.998139342567708,1,0,0,1
1065,2013,Ty Lawson,18.583345393150026,0,0,1,1
1066,2013,Tyler Hansbrough,5.483770932396114,1,1,0,1
1067,2013,Tyler Zeller,2.8141409964854245,1,2,0,3
1068,2013,Tyreke Evans,20.322939494176836,0,0,3,1
1069,2013,Victor Claver,2.291365171249397,1,1,3,0
1070,2013,Vince Carter,5.4786024395286335,0,0,2,1
1071,2013,Wayne Ellington,4.568947694852182,0,2,3,3
1072,2013,Wesley Matthews,11.845289780166773,0,0,2,3
1073,2013,Will Bynum,4.807289297774101,0,2,3,1
1074,2013,Willie Green,2.4111139824960373,0,1,3,3
1075,2013,Wilson Chandler,10.929922128040797,1,0,3,1
1076,2013,Zach Randolph,31.421564675074077,1,0,0,1
1077,2013,Zaza Pachulia,8.958720970298394,1,1,0,3
1078,2014,Al Horford,20.45024625504865,1,3,0,2
1079,2014,Al Jefferson,23.006527036929736,1,3,0,2
1080,2014,Al-Farouq Aminu,1.6719507830740128,1,2,0,3
1081,2014,Alan Anderson,2.174646807205304,0,1,1,0
1082,2014,Alec Burks,5.171110618790369,0,0,3,1
1083,2014,Alexey Shved,5.5932377852383315,0,1,3,0
1084,2014,Alexis Ajinca,1.6719507830740128,1,1,0,3
1085,2014,Allen Crabbe,1.4690093559876616,0,1,0,0
1086,2014,Amir Johnson,11.929310315445047,1,2,0,1
1087,2014,Anderson Varejao,16.538361253600097,1,2,0,1
1088,2014,Andre Drummond,4.3769662059680625,1,0,0,2
1089,2014,Andre Iguodala,20.94368343018797,0,2,3,3
1090,2014,Andre Miller,7.9244704238313535,0,1,0,3
1091,2014,Andre Roberson,1.978356822713407,0,1,0,0
1092,2014,Andrea Bargnani,19.598152661088296,1,0,3,3
1093,2014,Andrei Kirilenko,5.6685270710134805,1,1,0,3
1094,2014,Andrew Nicholson,2.6344007225753674,1,1,3,0
1095,2014,Anthony Bennett,9.48196117861586,1,1,0,0
1096,2014,Anthony Davis,9.555786567596584,1,3,0,2
1097,2014,Anthony Morrow,5.453399001346307,0,2,1,3
1098,2014,Anthony Tolliver,5.112561563762164,1,1,1,3
1099,2014,Archie Goodwin,1.89553332538046,0,1,0,0
1100,2014,Austin Daye,0.0917500298232758,1,1,0,0
1101,2014,Austin Rivers,4.1579440685764935,0,2,3,3
1102,2014,Avery Bradley,12.254828814396973,0,0,1,3
1103,2014,Ben Gordon,7.668842345643245,0,1,0,0
1104,2014,Ben McLemore,5.15734760306072,0,2,1,0
1105,2014,Bernard James,0.403698086197788,1,1,0,0
1106,2014,Blake Griffin,30.120849026057023,1,3,0,2
1107,2014,Boris Diaw,12.781403909405407,1,2,3,3
1108,2014,Bradley Beal,7.677840453995468,0,0,2,3
1109,2014,Brandon Bass,11.758891596652974,1,2,0,3
1110,2014,Brandon Knight,6.056539818333646,0,0,2,1
1111,2014,Brandon Rush,1.9524616983929517,0,1,0,0
1112,2014,Brian Roberts,4.6558393973994106,0,2,3,3
1113,2014,Brook Lopez,26.788224066531466,1,3,0,2
1114,2014,Carlos Boozer,5.540312547930263,1,0,0,3
1115,2014,Carmelo Anthony,38.273319245385906,1,3,2,2
1116,2014,Caron Butler,7.668842345643245,1,2,3,3
1117,2014,Cartier Martin,1.9524616983929517,1,1,3,3
1118,2014,Chandler Parsons,25.0515516624346,1,0,2,1
1119,2014,Channing Frye,14.620371853644404,1,2,2,3
1120,2014,Chase Budinger,8.520935939603607,0,1,3,0
1121,2014,Chris Andersen,9.160006135073877,1,1,0,1
1122,2014,Chris Bosh,35.18192198231054,1,0,1,1
1123,2014,Chris Copeland,5.342626834131461,1,1,3,1
1124,2014,Chris Kaman,8.180098502019463,1,2,0,1
1125,2014,Chris Paul,34.20058794457983,0,3,1,2
1126,2014,Chuck Hayes,10.154825406022598,1,1,0,0
1127,2014,Cody Zeller,6.868828712145741,1,1,0,3
1128,2014,Corey Brewer,8.013940251197193,0,2,1,3
1129,2014,Cory Joseph,3.4480154740196656,0,1,0,3
1130,2014,Damian Lillard,5.693553059868096,0,3,2,1
1131,2014,Danny Granger,3.539596789311338,1,2,3,3
1132,2014,Danny Green,6.859353431380902,0,2,1,3
1133,2014,Dante Cunningham,1.2202713066003172,1,2,0,3
1134,2014,Darius Morris,1.1976277714344143,0,1,0,0
1135,2014,Darrell Arthur,5.891629032532934,1,1,0,0
1136,2014,Darren Collison,8.176117520748479,0,2,1,1
1137,2014,David Lee,25.583258065065866,1,3,0,1
1138,2014,David West,20.45024625504865,1,0,0,1
1139,2014,DeJuan Blair,3.4083743758414418,1,1,0,1
1140,2014,DeMar DeRozan,17.212290597999278,1,3,1,1
1141,2014,DeMarre Carroll,4.1624005180729045,0,2,1,3
1142,2014,Dennis Schroder,2.881235194873805,0,1,0,0
1143,2014,Deron Williams,33.66530615722831,0,0,1,1
1144,2014,Derrick Favors,22.069224083573342,1,0,0,1
1145,2014,Derrick Rose,32.14587160653726,0,0,0,0
1146,2014,Derrick Williams,10.789897578350006,1,1,0,0
1147,2014,Devin Harris,6.6103648664769326,0,2,3,3
1148,2014,Dion Waiters,6.92240835733397,0,0,1,3
1149,2014,Dirk Nowitzki,13.590010054704411,1,3,2,2
1150,2014,Donald Sloan,1.6158472366604746,0,1,0,0
1151,2014,Donatas Motiejunas,2.5288774518993167,1,1,3,0
1152,2014,Dorell Wright,5.368189641950272,0,1,1,3
1153,2014,Drew Gooden,1.5597453944341246,1,2,0,1
1154,2014,Dwight Howard,36.53141839499651,1,0,0,2
1155,2014,Dwyane Wade,25.562807818810814,0,3,0,2
1156,2014,E'Twaun Moore,1.6158472366604746,0,1,3,3
1157,2014,Elliot Williams,0.1835000596465516,0,1,3,0
1158,2014,Elton Brand,3.4083743758414418,1,1,0,3
1159,2014,Enes Kanter,9.704790470185246,1,0,0,1
1160,2014,Eric Bledsoe,22.154433442969374,0,0,3,1
1161,2014,Eric Gordon,25.390579253225173,0,0,1,3
1162,2014,Ersan Ilyasova,13.463078784573698,1,0,3,3
1163,2014,Evan Fournier,2.5288774518993167,0,2,1,0
1164,2014,Evan Turner,5.586325602004124,1,0,3,3
1165,2014,Gal Mekel,1.0804103682748514,0,1,0,0
1166,2014,Garrett Temple,1.6719507830740128,0,1,0,0
1167,2014,Gary Neal,5.5386083607423435,0,2,3,3
1168,2014,George Hill,13.633497503365767,0,2,1,3
1169,2014,Gerald Green,5.9646551577225235,0,0,2,1
1170,2014,Gerald Henderson,10.225123127524329,0,0,3,3
1171,2014,Gerald Wallace,17.22226861398456,1,1,0,0
1172,2014,Giannis Antetokounmpo,3.192283440413094,1,1,3,0
1173,2014,Goran Dragic,12.781403909405407,0,3,1,2
1174,2014,Gordon Hayward,25.129944273078948,1,0,1,1
1175,2014,Gorgui Dieng,2.4088345063821808,1,1,0,1
1176,2014,Greg Monroe,9.338833313451149,1,0,0,1
1177,2014,Greivis Vasquez,10.906798002692614,0,2,1,3
1178,2014,Harrison Barnes,5.197634588183166,1,2,1,0
1179,2014,Ian Mahinmi,6.8167487516828835,1,1,0,0
1180,2014,Iman Shumpert,4.45981526610883,0,2,1,0
1181,2014,Isaiah Canaan,1.3920516709555375,0,1,0,0
1182,2014,Isaiah Thomas,12.33593960360606,0,3,2,2
1183,2014,Ish Smith,1.4679953646108488,0,1,0,3
1184,2014,J.J. Barea,1.5505700506143594,0,2,1,3
1185,2014,Jamal Crawford,9.287820174167932,0,0,2,1
1186,2014,Jameer Nelson,4.6558393973994106,0,0,2,3
1187,2014,James Harden,25.100707237682986,0,3,2,2
1188,2014,James Johnson,4.260467969801804,1,2,3,1
1189,2014,Jannero Pargo,1.5597453944341246,0,1,0,1
1190,2014,Jared Dudley,7.242795548663065,1,1,1,0
1191,2014,Jared Sullinger,2.427648732936826,1,0,1,1
1192,2014,Jarrett Jack,10.736379283900543,0,2,3,3
1193,2014,Jason Terry,9.970028459926036,0,1,3,0
1194,2014,Jeff Green,15.678522128870634,1,0,2,3
1195,2014,Jeff Teague,13.633497503365767,0,0,1,1
1196,2014,Jeffery Taylor,1.5597453944341246,1,2,0,0
1197,2014,Jeremy Evans,3.0587961621704527,0,1,0,1
1198,2014,Jeremy Lamb,3.7526201878014285,0,2,1,3
1199,2014,Jeremy Lin,14.271964416571514,0,2,1,3
1200,2014,Jerryd Bayless,5.112561563762164,0,2,3,3
1201,2014,Jimmy Butler,3.4232826053613725,1,0,1,3
1202,2014,Joakim Noah,21.64317728659316,1,0,0,2
1203,2014,Jodie Meeks,10.225123127524329,0,0,2,3
1204,2014,Joe Johnson,39.504405323880775,1,0,2,1
1205,2014,Joel Freeland,5.1355885410453475,1,1,0,3
1206,2014,John Henson,3.3867652822986076,1,2,0,1
1207,2014,John Jenkins,2.2374614427648734,0,1,0,0
1208,2014,John Salmons,3.4083743758414418,0,1,3,0
1209,2014,John Wall,25.129944273078948,0,3,1,1
1210,2014,Jon Leuer,1.6488011043132975,1,1,0,1
1211,2014,Jonas Jerebko,7.668842345643245,1,1,0,3
1212,2014,Jonas Valanciunas,6.268613984560066,1,2,0,1
1213,2014,Jordan Farmar,3.539596789311338,0,2,3,3
1214,2014,Jordan Hamilton,0.2566352528161693,1,1,3,3
1215,2014,Jordan Hill,15.33768469128649,1,2,0,1
1216,2014,Jorge Gutierrez,0.1636974045229128,0,1,0,0
1217,2014,Jose Calderon,12.094941972426252,0,2,2,1
1218,2014,Josh Smith,3.539596789311338,1,3,1,3
1219,2014,Jrue Holiday,16.879113481824838,0,0,3,1
1220,2014,Justin Hamilton,1.3914381635678863,1,1,0,3
1221,2014,Kawhi Leonard,4.932018268886655,1,0,3,1
1222,2014,Kelly Olynyk,3.5374835971983165,1,2,3,1
1223,2014,Kemba Walker,5.5762555599107015,0,3,2,1
1224,2014,Kendrick Perkins,0.4679237887489562,1,1,0,0
1225,2014,Kenneth Faried,3.8340258013940254,1,0,0,1
1226,2014,Kent Bazemore,3.4083743758414418,0,1,3,0
1227,2014,Kentavious Caldwell-Pope,4.724824894766441,0,1,3,0
1228,2014,Kenyon Martin,0.7064725029397229,1,1,0,3
1229,2014,Kevin Durant,32.37209904735936,1,3,2,2
1230,2014,Kevin Love,26.78822577071865,1,3,2,2
1231,2014,Kevin Martin,11.5756914739515,0,3,1,1
1232,2014,Kirk Hinrich,4.6558393973994106,0,2,1,0
1233,2014,Klay Thompson,5.241875287581587,0,0,2,3
1234,2014,Kobe Bryant,40.048398916136954,0,0,0,0
1235,2014,Kris Humphries,7.242795548663065,1,2,0,1
1236,2014,Kyle Korver,10.657170367593176,0,2,2,3
1237,2014,Kyle Lowry,20.45024625504865,0,0,2,2
1238,2014,Kyle Singler,1.857564034833586,1,2,1,3
1239,2014,Kyrie Irving,12.049847475246679,0,3,2,2
1240,2014,LaMarcus Aldridge,27.277220129859067,1,3,0,2
1241,2014,Lance Stephenson,15.33768469128649,1,0,1,3
1242,2014,Landry Fields,10.651169924504506,0,1,0,0
1243,2014,Larry Sanders,18.746059067127927,1,2,0,3
1244,2014,LeBron James,35.18192198231054,1,3,1,2
1245,2014,Lorenzo Brown,0.48291041087953096,0,1,0,0
1246,2014,Lou Williams,9.287820174167932,0,2,1,3
1247,2014,Luis Scola,8.296833620204843,1,2,0,3
1248,2014,Luke Ridnour,4.6865147667819835,0,1,0,0
1249,2014,Luol Deng,16.55525997375552,1,0,3,1
1250,2014,Malcolm Thomas,1.0835682271340683,1,1,0,0
1251,2014,Marc Gasol,26.976751478382393,1,0,0,1
1252,2014,Marcin Gortat,17.782821793145754,1,0,0,1
1253,2014,Marco Belinelli,4.897407931287172,0,2,1,3
1254,2014,Marcus Morris,5.015799519419213,1,2,1,3
1255,2014,Marcus Thornton,14.613405136420186,0,2,1,3
1256,2014,Mario Chalmers,6.8167487516828835,0,2,1,3
1257,2014,Markieff Morris,5.094222805432948,1,0,3,1
1258,2014,Marreese Speights,6.2330646398200376,1,1,0,1
1259,2014,Martell Webster,9.171509398592342,1,2,2,3
1260,2014,Marvin Williams,11.929310315445047,1,2,1,3
1261,2014,Mason Plumlee,2.3127183489834517,1,1,0,1
1262,2014,Matt Barnes,5.78784573697575,1,2,1,3
1263,2014,Maurice Harkless,3.2172327408442545,1,2,3,3
1264,2014,Meyers Leonard,3.950169566625198,1,1,0,0
1265,2014,Michael Beasley,0.3330663440072257,1,2,0,1
1266,2014,Michael Carter-Williams,3.919698699705176,0,3,1,1
1267,2014,Michael Kidd-Gilchrist,8.549838954310742,1,2,0,3
1268,2014,Mike Conley,14.816571516215339,0,0,1,2
1269,2014,Mike Dunleavy,5.6685270710134805,1,2,2,3
1270,2014,Mike Scott,5.6806233916733415,1,2,1,1
1271,2014,Mirza Teletovic,5.739872867635782,1,2,2,3
1272,2014,Mo Williams,6.757228309957568,0,2,1,3
1273,2014,Monta Ellis,14.247004891017227,0,3,1,1
1274,2014,Nate Robinson,0.1835000596465516,0,2,3,1
1275,2014,Nick Calathes,1.3914381635678863,0,1,0,3
1276,2014,Nick Collison,3.820792787879821,1,1,0,3
1277,2014,Nick Young,8.511426575095008,0,0,2,1
1278,2014,Nicolas Batum,20.050614359481248,0,0,2,1
1279,2014,Norris Cole,3.4734845515431414,0,1,3,0
1280,2014,O.J. Mayo,13.633497503365767,0,2,1,3
1281,2014,Pablo Prigioni,2.8339968302118312,0,1,3,3
1282,2014,Patrick Patterson,9.937671057788988,1,2,3,3
1283,2014,Patty Mills,6.547666115646143,0,2,1,1
1284,2014,Pau Gasol,12.1474462754989,1,3,0,1
1285,2014,Paul George,27.160125428177032,1,3,2,2
1286,2014,Paul Millsap,16.18977828524685,1,3,1,1
1287,2014,Paul Pierce,9.040713031919426,1,2,1,1
1288,2014,Pero Antic,2.1302339849009018,1,1,3,3
1289,2014,Quincy Miller,0.3119497605617001,1,1,3,0
1290,2014,Quincy Pondexter,5.361488777927367,1,1,0,0
1291,2014,Rajon Rondo,21.999505785715503,0,0,3,1
1292,2014,Ramon Sessions,3.539596789311338,0,0,3,1
1293,2014,Rasual Butler,1.5597453944341246,0,1,0,3
1294,2014,Ray McCallum,1.3914381635678863,0,1,0,0
1295,2014,Raymond Felton,6.4651630055045235,0,2,1,3
1296,2014,Reggie Bullock,2.0462516402801683,0,1,0,0
1297,2014,Reggie Jackson,3.756657407249613,0,0,1,1
1298,2014,Ricky Ledo,0.0818487022614564,0,1,0,3
1299,2014,Ricky Rubio,7.942328601373575,0,2,3,1
1300,2014,Robbie Hummel,1.4996847253702346,1,1,3,0
1301,2014,Robin Lopez,10.43768469128649,1,2,0,1
1302,2014,Roy Hibbert,25.390579253225173,1,2,0,3
1303,2014,Rudy Gay,32.92033947408783,1,3,3,1
1304,2014,Russell Westbrook,26.788224066531466,0,3,1,2
1305,2014,Ryan Anderson,14.471105506228804,1,3,3,1
1306,2014,Ryan Kelly,2.8119088600691895,1,2,3,3
1307,2014,Samuel Dalembert,6.904560404914878,1,2,0,1
1308,2014,Serge Ibaka,21.046711770820906,1,0,0,1
1309,2014,Sergey Karasev,2.6139504763203187,0,1,0,0
1310,2014,Shabazz Muhammad,3.3605889670921463,1,1,0,3
1311,2014,Shane Larkin,2.737060958775712,0,1,0,0
1312,2014,Shaun Livingston,9.040713031919426,0,2,0,3
1313,2014,Shawn Marion,1.5597453944341246,1,2,3,3
1314,2014,Shawne Williams,2.092716303958827,1,1,3,0
1315,2014,Shelvin Mack,4.1468549225446925,0,2,3,3
1316,2014,Solomon Hill,2.2202832359106317,1,1,0,0
1317,2014,Spencer Hawes,9.040713031919426,1,0,1,1
1318,2014,Stephen Curry,18.11416861228037,0,3,2,2
1319,2014,Steve Novak,5.872538727653844,1,1,3,3
1320,2014,Taj Gibson,13.633497503365767,1,0,0,1
1321,2014,Tayshaun Prince,13.135644779222549,1,1,0,0
1322,2014,Terrence Jones,2.7585337173435134,1,2,3,1
1323,2014,Terrence Ross,4.761430835562979,0,2,2,3
1324,2014,Thabo Sefolosha,7.072376829870992,1,1,3,0
1325,2014,Thaddeus Young,16.03788237700029,1,3,1,1
1326,2014,Thomas Robinson,6.268613984560066,1,1,0,3
1327,2014,Tiago Splitter,15.763731488266671,1,2,0,1
1328,2014,Tim Duncan,17.657843521532406,1,0,0,2
1329,2014,Timofey Mozgov,7.9244704238313535,1,2,0,1
1330,2014,Tobias Harris,4.056977794440941,1,0,3,1
1331,2014,Toney Douglas,0.1835000596465516,0,1,0,0
1332,2014,Tony Allen,8.233713935138635,0,2,0,1
1333,2014,Tony Parker,21.30233984900901,0,0,0,1
1334,2014,Tony Snell,2.50924521549447,0,1,3,0
1335,2014,Tony Wroten,2.0622028323591066,0,0,1,3
1336,2014,Toure' Murry,0.1636974045229128,0,1,0,3
1337,2014,Trevor Ariza,14.620373557831593,1,0,2,1
1338,2014,Trey Burke,4.343223299647233,0,0,2,3
1339,2014,Tristan Thompson,8.756846572027472,1,0,0,3
1340,2014,Ty Lawson,19.760912762657853,0,0,1,1
1341,2014,Tyler Hansbrough,5.6685270710134805,1,1,0,3
1342,2014,Tyler Zeller,2.9035259632918082,1,1,0,1
1343,2014,Tyreke Evans,19.198377613797103,0,0,3,1
1344,2014,Tyson Chandler,25.30187631009391,1,2,0,1
1345,2014,Victor Claver,2.3347364474513883,1,1,0,0
1346,2014,Victor Oladipo,8.483784658906933,0,0,1,3
1347,2014,Vince Carter,6.666747899589291,0,2,2,1
1348,2014,Wesley Matthews,12.347926856285893,0,0,2,1
1349,2014,Will Bynum,4.969253054755535,0,2,0,3
1350,2014,Willie Green,2.4684980998312853,0,1,3,0
1351,2014,Wilson Chandler,11.516748751682885,1,0,2,3
1352,2014,Xavier Henry,1.8439305373302204,0,2,3,3
1353,2014,Zach Randolph,28.1190886006919,1,3,0,1
1354,2014,Zaza Pachulia,8.861773377187747,1,2,0,3
1355,2015,Aaron Brooks,3.567747562039166,0,2,1,3
1356,2015,Aaron Gordon,6.614889399825578,1,1,0,3
1357,2015,Adreian Payne,3.0743518591928964,1,1,0,0
1358,2015,Al Horford,19.027986997542214,1,0,0,2
1359,2015,Al Jefferson,21.406485372235,1,3,0,1
1360,2015,Al-Farouq Aminu,12.753341790216446,1,1,3,3
1361,2015,Alan Anderson,6.342662332514073,0,1,1,0
1362,2015,Alec Burks,15.0059208752874,0,0,0,3
1363,2015,Alex Len,6.036819154840244,1,2,0,3
1364,2015,Alonzo Gee,2.093078569729644,1,1,0,3
1365,2015,Anderson Varejao,0.4594545310394038,1,2,0,1
1366,2015,Andre Drummond,5.188442083564576,1,0,0,2
1367,2015,Andre Iguodala,18.56886704194085,0,2,1,3
1368,2015,Andre Miller,0.3976056449694759,0,1,0,3
1369,2015,Andre Roberson,1.9199238880520095,0,1,3,0
1370,2015,Andrea Bargnani,2.161098866249108,1,0,0,1
1371,2015,Andrew Nicholson,3.774824387536668,1,1,0,0
1372,2015,Andrew Wiggins,9.131340680250537,0,0,3,3
1373,2015,Anthony Bennett,1.5020629509236505,1,1,0,3
1374,2015,Anthony Davis,11.211813208594306,1,3,0,2
1375,2015,Anthony Morrow,5.302465709981765,0,2,2,3
1376,2015,Anthony Tolliver,4.7569967493855545,1,1,1,0
1377,2015,Archie Goodwin,1.8396257829223817,0,1,0,3
1378,2015,Aron Baynes,10.306826290335367,1,1,0,1
1379,2015,Arron Afflalo,12.685324665028146,0,0,1,0
1380,2015,Austin Rivers,4.932682153333863,0,2,3,0
1381,2015,Avery Bradley,12.257729326884961,0,0,2,3
1382,2015,Ben McLemore,5.005311979703481,0,2,2,0
1383,2015,Beno Udrih,3.4416316498850392,0,2,3,1
1384,2015,Blake Griffin,29.98133037342425,1,3,0,2
1385,2015,Bojan Bogdanovic,5.4317133116625715,1,2,1,3
1386,2015,Boris Diaw,11.892491873463886,1,2,3,3
1387,2015,Bradley Beal,9.029848568936814,0,0,1,3
1388,2015,Brandan Wright,8.664076746214224,1,1,0,1
1389,2015,Brandon Bass,4.7569967493855545,1,2,0,1
1390,2015,Brandon Jennings,13.23158170141917,0,0,1,1
1391,2015,Brandon Knight,21.406485372235,0,0,1,1
1392,2015,Brandon Rush,2.0153238721953537,0,1,0,0
1393,2015,Brian Roberts,4.526980099896932,0,1,1,3
1394,2015,Bryce Cotton,1.1113961785459443,0,1,0,3
1395,2015,C.J. Watson,7.9283279156425905,0,2,3,1
1396,2015,Carmelo Anthony,36.272100214064864,1,3,3,2
1397,2015,Caron Butler,2.297925949417268,1,1,1,0
1398,2015,Chandler Parsons,24.358201855228728,1,0,2,1
1399,2015,Channing Frye,12.99140410687386,1,1,2,0
1400,2015,Chase Budinger,0.32695155791643543,0,1,3,3
1401,2015,Chris Andersen,7.9283279156425905,1,1,0,1
1402,2015,Chris Bosh,35.190248156663756,1,3,3,1
1403,2015,Chris Copeland,1.823515420597796,1,1,3,0
1404,2015,Chris Johnson,1.5560897486720051,0,1,0,0
1405,2015,Chris Paul,34.0421707761833,0,3,2,2
1406,2015,Cody Zeller,6.666455244588916,1,2,0,3
1407,2015,Corey Brewer,13.04903670815825,0,2,3,3
1408,2015,Cory Jefferson,0.07882185047173551,1,1,0,3
1409,2015,Cory Joseph,11.099659081899626,0,1,0,1
1410,2015,Courtney Lee,8.998652184254341,0,2,1,3
1411,2015,Damian Lillard,6.717334496154763,0,3,2,2
1412,2015,Damjan Rudez,1.822722587806232,1,1,3,0
1413,2015,Danilo Gallinari,22.19931816379925,1,2,1,1
1414,2015,Danny Green,15.856655831285186,0,2,2,1
1415,2015,Dante Cunningham,4.519146911916278,1,1,0,0
1416,2015,Darren Collison,7.94982795528423,0,0,3,1
1417,2015,David Lee,3.3071767224292405,1,2,0,1
1418,2015,David West,2.377209228573694,1,0,0,1
1419,2015,DeMar DeRozan,15.935939110441609,1,3,3,1
1420,2015,DeMarcus Cousins,25.13589154047412,1,3,0,2
1421,2015,DeMarre Carroll,21.565051930547842,0,2,1,1
1422,2015,Dennis Schroder,2.796162689288829,0,2,3,1
1423,2015,Deron Williams,8.529253944343138,0,0,1,1
1424,2015,Derrick Rose,31.86088004439864,0,3,1,1
1425,2015,Derrick Williams,6.342662332514073,1,2,3,3
1426,2015,Devin Harris,6.427409815269959,0,2,1,3
1427,2015,Dion Waiters,8.14783160231507,0,0,3,3
1428,2015,Dirk Nowitzki,13.213880916514704,1,0,1,1
1429,2015,Donatas Motiejunas,3.628327915642591,1,0,3,3
1430,2015,Doug McDermott,3.7745817807024498,1,1,0,0
1431,2015,Draymond Green,22.612970744469987,1,2,2,1
1432,2015,Drew Gooden,5.23269642432411,1,1,0,3
1433,2015,Dwight Howard,35.45447395544279,1,0,0,1
1434,2015,Dwyane Wade,31.713311662570373,0,3,3,2
1435,2015,E'Twaun Moore,1.6101181320859432,0,1,0,0
1436,2015,Elfrid Payton,3.9732339649567914,0,2,0,3
1437,2015,Elijah Millsap,1.3399809720130025,1,1,3,0
1438,2015,Elliot Williams,0.08835645762308729,0,1,0,0
1439,2015,Eric Bledsoe,21.406485372235,0,0,1,1
1440,2015,Eric Gordon,24.60006501228891,0,0,1,3
1441,2015,Erick Green,0.15764370094347102,0,1,0,0
1442,2015,Ersan Ilyasova,12.526758106715295,1,2,1,1
1443,2015,Evan Fournier,3.628327915642591,0,2,1,3
1444,2015,Evan Turner,5.4317133116625715,1,2,3,3
1445,2015,Garrett Temple,1.7451867121224134,0,1,3,0
1446,2015,Gary Harris,2.5124554031554744,0,1,3,0
1447,2015,Gary Neal,3.3917386823119005,0,2,3,3
1448,2015,George Hill,12.685324665028146,0,0,1,2
1449,2015,Gerald Green,1.5020629509236505,0,2,2,1
1450,2015,Gerald Henderson,9.513993498771107,0,0,3,3
1451,2015,Giannis Antetokounmpo,3.0983271228097995,1,0,0,3
1452,2015,Goran Dragic,23.440894315388885,0,0,3,1
1453,2015,Gordon Hayward,24.43442479980972,1,3,2,2
1454,2015,Gorgui Dieng,2.3379687623880123,1,2,0,1
1455,2015,Greivis Vasquez,10.46539284864822,0,2,2,3
1456,2015,Harrison Barnes,6.141913898358836,1,2,1,3
1457,2015,Henry Sims,1.5020629509236505,1,2,0,3
1458,2015,Iman Shumpert,14.253175295330214,0,2,3,3
1459,2015,Isaiah Canaan,1.5020629509236505,0,2,3,3
1460,2015,Isaiah Thomas,10.961498453976057,0,0,1,2
1461,2015,J.J. Barea,6.8025053516213445,0,2,3,1
1462,2015,JaKarr Sampson,0.4098771109173076,1,1,3,0
1463,2015,JaMychal Green,1.3399809720130025,1,1,0,1
1464,2015,Jabari Parker,8.170046777134703,1,0,0,3
1465,2015,Jae Crowder,10.776368825814636,1,1,3,3
1466,2015,Jamal Crawford,8.998652184254341,0,0,2,1
1467,2015,Jameer Nelson,6.889716958693413,0,2,3,3
1468,2015,James Harden,24.984441449298338,0,3,2,2
1469,2015,James Johnson,3.964163957821296,1,2,0,1
1470,2015,James Young,2.7746610639816063,0,1,0,0
1471,2015,Jared Dudley,6.937286926187268,1,1,1,3
1472,2015,Jared Sullinger,4.073987156108776,1,0,3,1
1473,2015,Jarrett Jack,9.989693173709664,0,0,3,3
1474,2015,Jason Smith,6.818362007452628,1,2,0,3
1475,2015,Jason Thompson,0.3887687306747007,1,2,0,0
1476,2015,Jeff Green,15.3016728771902,1,0,1,3
1477,2015,Jeff Teague,12.685324665028146,0,0,1,2
1478,2015,Jeremy Evans,1.7451867121224134,0,1,0,2
1479,2015,Jeremy Lamb,4.811473876159519,0,1,3,3
1480,2015,Jeremy Lin,3.3917386823119005,0,2,3,1
1481,2015,Jerryd Bayless,4.7569967493855545,0,2,3,3
1482,2015,Jimmer Fredette,1.3871989217474034,0,1,0,0
1483,2015,Joakim Noah,21.247918813922144,1,2,0,1
1484,2015,Jodie Meeks,9.942123206215811,0,2,1,3
1485,2015,Joe Harris,1.3399809720130025,0,1,3,0
1486,2015,Joe Ingles,3.2506144454134627,1,1,1,0
1487,2015,Joe Johnson,0.4152763022278601,1,0,2,3
1488,2015,Joffrey Lauvergne,2.7110425751209077,1,1,0,0
1489,2015,John Jenkins,1.5560897486720051,0,1,0,1
1490,2015,John Wall,25.13589154047412,0,3,1,1
1491,2015,Jon Leuer,1.6411638785380165,1,1,0,3
1492,2015,Jonas Jerebko,7.9283279156425905,1,1,3,3
1493,2015,Jonas Valanciunas,7.389965908189963,1,2,0,2
1494,2015,Jordan Adams,2.227225878062317,0,1,0,3
1495,2015,Jordan Hill,6.342662332514073,1,0,0,1
1496,2015,Jorge Gutierrez,0.30041227305161344,0,1,0,3
1497,2015,Jose Calderon,11.738384206770792,0,2,3,3
1498,2015,Jrue Holiday,16.800930785697297,0,0,3,1
1499,2015,Justin Holiday,1.5020629509236505,0,1,3,3
1500,2015,Jusuf Nurkic,2.9207960041227303,1,2,0,3
1501,2015,Kawhi Leonard,26.01680805518116,1,0,1,2
1502,2015,Kelly Olynyk,3.4332196939665423,1,2,3,1
1503,2015,Kemba Walker,19.027986997542214,0,3,1,1
1504,2015,Kendall Marshall,3.4008911440577183,0,1,0,3
1505,2015,Kenneth Faried,17.816467137080792,1,0,0,1
1506,2015,Kent Bazemore,3.1713311662570365,0,1,3,0
1507,2015,Kentavious Caldwell-Pope,4.585364306667723,0,0,2,3
1508,2015,Kevin Durant,31.964833108697377,1,3,3,2
1509,2015,Kevin Love,31.220169666217394,1,0,2,1
1510,2015,Kevin Martin,0.31808451597558074,0,3,1,1
1511,2015,Kevin Seraphin,4.4620629509236505,1,2,0,3
1512,2015,Khris Middleton,23.309284071989218,1,0,1,1
1513,2015,Kirk Hinrich,4.526980099896932,0,1,3,0
1514,2015,Klay Thompson,24.57940220407516,0,3,2,2
1515,2015,Kobe Bryant,39.64163957821295,0,3,3,1
1516,2015,Kostas Papanikolaou,1.2690414651549988,1,1,3,0
1517,2015,Kris Humphries,1.5856655831285182,1,2,0,1
1518,2015,Kyle Anderson,1.812225481645921,1,1,0,0
1519,2015,Kyle Korver,9.111993974470783,0,2,2,3
1520,2015,Kyle Lowry,19.027986997542214,0,0,2,1
1521,2015,Kyle O'Quinn,5.946245936731943,1,1,0,3
1522,2015,Kyle Singler,7.135495124078332,1,1,3,0
1523,2015,Kyrie Irving,26.01680964084675,0,3,2,2
1524,2015,LaMarcus Aldridge,31.220169666217394,1,3,3,2
1525,2015,Lance Stephenson,14.270990248156664,1,2,3,0
1526,2015,Lance Thomas,2.59548402441925,1,2,0,0
1527,2015,LeBron James,36.42353127725363,1,3,2,2
1528,2015,Leandro Barbosa,3.964163957821296,0,1,3,1
1529,2015,Lorenzo Brown,0.17671291524617458,0,1,0,3
1530,2015,Lou Amundson,2.5933180052326965,1,1,0,3
1531,2015,Lou Williams,11.099659081899626,0,0,2,1
1532,2015,Luis Scola,4.598430191072703,1,2,0,1
1533,2015,Luke Babbitt,1.7451867121224134,1,1,3,3
1534,2015,Luol Deng,16.097061761674464,1,0,1,1
1535,2015,Manu Ginobili,4.4620629509236505,0,2,1,1
1536,2015,Marc Gasol,31.218584000634266,1,3,0,2
1537,2015,Marcin Gortat,17.78703084119559,1,0,0,1
1538,2015,Marco Belinelli,9.610094347102194,0,2,1,3
1539,2015,Marcus Morris,7.9283279156425905,1,2,1,3
1540,2015,Marcus Smart,5.440482042337271,0,2,1,3
1541,2015,Marcus Thornton,0.31808451597558074,0,1,3,3
1542,2015,Mario Chalmers,6.818362007452628,0,2,1,3
1543,2015,Markieff Morris,12.685324665028146,1,0,3,1
1544,2015,Marreese Speights,6.0493141996352975,1,2,0,1
1545,2015,Marvin Williams,11.099659081899626,1,2,1,3
1546,2015,Mason Plumlee,2.24454134623008,1,2,0,1
1547,2015,Matt Barnes,5.617220328232776,1,2,2,3
1548,2015,Matt Bonner,1.5020629509236505,1,1,3,0
1549,2015,Matthew Dellavedova,1.8191960675493541,0,1,3,0
1550,2015,Maurice Harkless,4.589009751843336,1,1,0,0
1551,2015,Meyers Leonard,4.877317053833347,1,1,3,3
1552,2015,Michael Beasley,0.4860493141996353,1,2,0,0
1553,2015,Michael Carter-Williams,3.80407516054864,0,0,3,3
1554,2015,Mike Conley,15.204037104574645,0,0,1,1
1555,2015,Mike Dunleavy,7.135495124078332,1,2,1,3
1556,2015,Mike Scott,5.285551415206533,1,2,1,1
1557,2015,Mirza Teletovic,8.72116070720685,1,2,1,0
1558,2015,Mitch McGary,2.319892174740348,1,1,0,1
1559,2015,Mo Williams,3.3298977245698884,0,0,1,1
1560,2015,Monta Ellis,16.332355506223735,0,3,1,1
1561,2015,Nick Collison,5.946245936731943,1,1,0,3
1562,2015,Nick Young,8.275856655831285,0,0,1,3
1563,2015,Nicolas Batum,20.812345992230238,0,2,1,3
1564,2015,Nik Stauskas,4.549972250852295,0,1,3,0
1565,2015,Nikola Mirotic,8.790493934829144,1,2,1,1
1566,2015,Nikola Vucevic,17.838737810195827,1,3,0,2
1567,2015,Noah Vonleh,4.182541821929755,1,1,0,3
1568,2015,Norris Cole,4.815550622373741,0,2,3,3
1569,2015,Omri Casspi,4.497242527550941,1,2,3,3
1570,2015,Pablo Prigioni,1.502776500436058,0,1,3,3
1571,2015,Patrick Beverley,10.285397605644967,0,2,2,3
1572,2015,Patrick Patterson,9.940022199318165,1,2,1,3
1573,2015,Patty Mills,5.675013081741061,0,1,3,3
1574,2015,Pau Gasol,11.811242368984379,1,3,0,2
1575,2015,Paul George,27.146762863712038,1,2,0,3
1576,2015,Paul Millsap,29.607007056211838,1,0,1,2
1577,2015,Paul Pierce,5.353207008641878,1,2,1,1
1578,2015,Phil Pressey,0.08835645762308729,0,1,0,3
1579,2015,Quincy Acy,1.5560897486720051,1,1,0,3
1580,2015,Rajon Rondo,15.063823039720926,0,2,0,3
1581,2015,Ramon Sessions,3.4416316498850392,0,1,0,3
1582,2015,Randy Foye,4.971061603107906,0,2,1,3
1583,2015,Raymond Felton,6.263875366685166,0,1,0,3
1584,2015,Reggie Bullock,1.9859510029334813,0,1,0,0
1585,2015,Reggie Jackson,22.061435027352733,0,0,3,1
1586,2015,Ricky Rubio,20.137952905732178,0,0,0,1
1587,2015,Robert Covington,1.5856655831285182,1,2,2,3
1588,2015,Robin Lopez,20.05866962657576,1,2,0,1
1589,2015,Rodney Hood,2.138174898913819,0,2,3,3
1590,2015,Ronnie Price,1.5020629509236505,0,1,3,0
1591,2015,Roy Hibbert,24.724041861571393,1,2,0,1
1592,2015,Rudy Gay,19.667170379766905,1,3,1,1
1593,2015,Rudy Gobert,1.8645524458891618,1,2,0,2
1594,2015,Russ Smith,1.3399809720130025,0,1,0,3
1595,2015,Russell Westbrook,26.550730199001034,0,3,1,2
1596,2015,Ryan Anderson,13.478157456592404,1,0,2,1
1597,2015,Ryan Kelly,2.734083881709348,1,1,3,0
1598,2015,Sean Kilpatrick,0.21282010623959405,0,1,0,0
1599,2015,Serge Ibaka,19.424403393324347,1,0,1,1
1600,2015,Sergey Karasev,2.5368112265123286,0,1,0,0
1601,2015,Shabazz Muhammad,3.261587251248712,1,0,0,1
1602,2015,Shabazz Napier,2.052548957424879,0,1,3,0
1603,2015,Shane Larkin,2.3784983746927773,0,1,3,0
1604,2015,Shaun Livingston,8.790493934829144,0,1,0,3
1605,2015,Shelvin Mack,3.8584523903908665,0,1,3,3
1606,2015,Solomon Hill,2.154729247601681,1,2,1,0
1607,2015,Spencer Hawes,9.688470625545072,1,1,3,0
1608,2015,Stephen Curry,18.03026401331959,0,3,2,2
1609,2015,Steve Blake,3.4416316498850392,0,1,1,0
1610,2015,Steve Novak,0.4682898596685959,1,1,0,3
1611,2015,Steven Adams,3.6137952905732176,1,2,0,3
1612,2015,Tayshaun Prince,1.5020629509236505,1,2,0,3
1613,2015,Terrence Jones,3.94756203916594,1,2,0,1
1614,2015,Terrence Ross,5.635323872195354,0,2,2,3
1615,2015,Thabo Sefolosha,6.342662332514073,1,1,3,3
1616,2015,Thaddeus Young,17.816467137080792,1,0,3,1
1617,2015,Thomas Robinson,1.5560897486720051,1,2,0,1
1618,2015,Tim Duncan,8.32474431142472,1,0,0,2
1619,2015,Tim Frazier,1.3399809720130025,0,1,0,0
1620,2015,Timofey Mozgov,7.849044636486164,1,2,0,1
1621,2015,Tobias Harris,25.370649330056292,1,0,1,1
1622,2015,Toney Douglas,1.8470752398319197,0,1,0,3
1623,2015,Tony Allen,8.179717751526201,0,2,0,3
1624,2015,Tony Parker,21.307381273289465,0,0,3,1
1625,2015,Tony Snell,2.4353920558154285,0,1,1,0
1626,2015,Tony Wroten,0.26544993260921274,0,0,3,3
1627,2015,Trevor Ariza,12.991405692539447,1,2,2,3
1628,2015,Trevor Booker,7.5715531594386745,1,2,3,1
1629,2015,Trey Burke,4.215079679695552,0,0,2,3
1630,2015,Troy Daniels,1.5020629509236505,0,1,0,0
1631,2015,Ty Lawson,0.33575517323396503,0,0,1,1
1632,2015,Tyler Ennis,2.635947038769524,0,1,0,0
1633,2015,Tyler Hansbrough,1.5020629509236505,1,1,0,3
1634,2015,Tyreke Evans,17.021463569333232,0,0,1,1
1635,2015,Udonis Haslem,4.526980099896932,1,1,0,0
1636,2015,Victor Oladipo,8.233600253706491,0,3,1,1
1637,2015,Vince Carter,6.482231031475463,0,1,1,0
1638,2015,Wayne Ellington,2.3784983746927773,0,2,1,3
1639,2015,Wesley Johnson,1.7451867121224134,0,2,1,3
1640,2015,Wesley Matthews,26.01680805518116,0,0,2,1
1641,2015,Will Barton,5.602684531832237,0,1,0,3
1642,2015,Zach LaVine,3.406580512169984,0,2,3,3
1643,2015,Zach Randolph,15.283524934591295,1,0,0,1
1644,2015,Zaza Pachulia,8.245461032268295,1,2,0,1
1645,2016,Aaron Brooks,3.8571428571428568,0,2,3,3
1646,2016,Aaron Gordon,6.216171428571428,1,2,3,1
1647,2016,Adreian Payne,2.8889142857142858,1,1,0,0
1648,2016,Al Horford,37.91442857142857,1,0,1,1
1649,2016,Al-Farouq Aminu,10.972807142857144,1,2,2,3
1650,2016,Alec Burks,14.506421428571427,0,0,3,3
1651,2016,Alex Len,6.890887142857142,1,2,0,3
1652,2016,Alexis Ajinca,6.626004285714287,1,1,0,3
1653,2016,Allen Crabbe,26.42857142857143,0,2,1,3
1654,2016,Alonzo Gee,0.08238857142857142,1,1,0,0
1655,2016,Amir Johnson,17.142857142857142,1,2,0,1
1656,2016,Andre Iguodala,15.901954285714288,0,1,3,3
1657,2016,Andre Roberson,3.118674285714285,0,1,3,0
1658,2016,Andrew Bogut,0.3460342857142857,1,1,0,1
1659,2016,Andrew Nicholson,8.698561428571429,1,1,3,3
1660,2016,Andrew Wiggins,8.580857142857143,0,3,1,1
1661,2016,Anthony Bennett,1.4509942857142857,1,1,0,0
1662,2016,Anthony Brown,0.08238857142857142,0,1,0,0
1663,2016,Anthony Davis,31.595357142857146,1,3,3,2
1664,2016,Anthony Morrow,4.982857142857143,0,1,1,0
1665,2016,Anthony Tolliver,11.428571428571427,1,1,1,0
1666,2016,Archie Goodwin,0.10714285714285716,0,2,3,3
1667,2016,Aron Baynes,9.285714285714286,1,1,0,1
1668,2016,Arron Afflalo,17.857142857142858,0,0,1,0
1669,2016,Austin Rivers,15.714285714285715,0,2,3,3
1670,2016,Avery Bradley,11.813804285714285,0,0,2,3
1671,2016,Axel Toupane,0.02205,0,1,0,0
1672,2016,Ben McLemore,5.726974285714285,0,2,3,0
1673,2016,Bismack Biyombo,24.285714285714285,1,1,0,3
1674,2016,Blake Griffin,28.772627142857147,1,3,0,2
1675,2016,Bobby Portis,2.0766857142857145,1,2,0,3
1676,2016,Bojan Bogdanovic,5.329504285714286,1,2,2,0
1677,2016,Boris Diaw,10.0,1,1,0,3
1678,2016,Bradley Beal,31.595357142857146,0,0,1,1
1679,2016,Brandon Jennings,7.142857142857142,0,1,3,3
1680,2016,Brandon Knight,18.00892857142857,0,3,2,3
1681,2016,Brandon Rush,5.0,1,1,3,0
1682,2016,Brian Roberts,1.4006157142857143,0,1,0,3
1683,2016,Briante Weber,0.1837471428571429,0,1,0,0
1684,2016,Brook Lopez,30.23667857142857,1,3,0,2
1685,2016,C.J. Watson,7.142857142857142,0,1,0,0
1686,2016,Cameron Payne,3.0178285714285717,0,1,3,3
1687,2016,Carmelo Anthony,35.084828571428574,1,3,1,2
1688,2016,Chandler Parsons,31.595357142857146,1,0,1,1
1689,2016,Channing Frye,11.152815714285717,1,1,3,3
1690,2016,Chris McCullough,1.7021142857142857,1,1,0,3
1691,2016,Chris Paul,32.66975285714286,0,3,2,2
1692,2016,Christian Wood,1.24948,1,1,0,1
1693,2016,Clint Capela,1.8517714285714288,1,2,0,1
1694,2016,Cody Zeller,7.597589999999999,1,2,0,1
1695,2016,Corey Brewer,10.874531428571427,0,2,1,0
1696,2016,Cory Joseph,10.45,0,2,3,3
1697,2016,Courtney Lee,16.06,0,2,3,3
1698,2016,D'Angelo Russell,7.618285714285714,0,0,2,3
1699,2016,D.J. Augustin,10.357142857142858,0,1,3,3
1700,2016,Damian Lillard,34.754892857142856,0,3,2,2
1701,2016,Danilo Gallinari,21.5,1,0,1,1
1702,2016,Danny Green,14.285714285714285,0,2,2,0
1703,2016,Dante Cunningham,4.254642857142857,1,1,3,0
1704,2016,Darrell Arthur,11.528821428571426,1,2,3,3
1705,2016,Darren Collison,7.470648571428572,0,0,1,1
1706,2016,Darrun Hilliard,1.24948,0,1,0,0
1707,2016,David Lee,2.2166557142857144,1,2,0,1
1708,2016,DeAndre Jordan,30.23667857142857,1,2,0,2
1709,2016,DeMarcus Cousins,24.225571428571428,1,3,1,2
1710,2016,DeMarre Carroll,20.285714285714285,0,2,3,3
1711,2016,Delon Wright,2.253257142857143,0,1,0,1
1712,2016,Dennis Schroder,3.8694028571428567,0,2,1,1
1713,2016,Deron Williams,0.37075142857142857,0,0,1,3
1714,2016,Derrick Favors,15.785714285714285,1,0,0,2
1715,2016,Derrick Rose,30.46178857142857,0,3,3,3
1716,2016,Derrick Williams,0.16477714285714284,1,2,3,1
1717,2016,Devin Booker,3.1765714285714286,0,0,1,3
1718,2016,Devin Harris,6.039994285714285,0,1,3,3
1719,2016,Dion Waiters,4.14,0,2,1,0
1720,2016,Dirk Nowitzki,35.714285714285715,1,0,2,1
1721,2016,Donatas Motiejunas,0.8238914285714285,1,1,0,3
1722,2016,Doug McDermott,3.5472,1,2,1,0
1723,2016,Draymond Green,21.90062142857143,1,0,1,1
1724,2016,Dwight Howard,33.11467857142858,1,0,0,1
1725,2016,Dwight Powell,11.964285714285715,1,1,0,1
1726,2016,Dwyane Wade,33.14285714285714,0,3,0,2
1727,2016,E'Twaun Moore,11.544804285714285,0,2,3,3
1728,2016,Elfrid Payton,3.733714285714286,0,0,3,3
1729,2016,Elijah Millsap,0.03295571428571428,0,1,0,0
1730,2016,Emmanuel Mudiay,4.631142857142859,0,0,1,0
1731,2016,Enes Kanter,24.494054285714288,1,0,0,2
1732,2016,Eric Gordon,17.69337714285714,0,0,1,3
1733,2016,Ersan Ilyasova,12.0,1,2,3,3
1734,2016,Evan Turner,23.419204285714283,1,2,3,3
1735,2016,Frank Kaminsky,3.9,1,2,1,3
1736,2016,Garrett Temple,11.428571428571427,0,1,1,0
1737,2016,Gary Harris,2.365542857142857,0,2,1,3
1738,2016,George Hill,11.428571428571427,0,2,1,3
1739,2016,Gerald Henderson,12.857142857142856,0,2,3,3
1740,2016,Giannis Antetokounmpo,4.279172857142857,1,0,3,1
1741,2016,Goran Dragic,22.70246428571428,0,0,1,1
1742,2016,Gordon Hayward,22.96162857142857,1,3,2,1
1743,2016,Gorgui Dieng,3.3554042857142856,1,2,0,1
1744,2016,Greg Monroe,24.494054285714288,1,0,0,2
1745,2016,Greivis Vasquez,6.2111800000000015,0,1,0,0
1746,2016,Hollis Thompson,0.16477714285714284,0,2,2,0
1747,2016,Iman Shumpert,13.804174285714286,0,1,3,0
1748,2016,Isaiah Canaan,1.4509942857142857,0,2,2,3
1749,2016,Isaiah Thomas,9.410188571428572,0,3,2,2
1750,2016,Ish Smith,8.571428571428571,0,0,3,1
1751,2016,J.J. Barea,5.852785714285715,0,2,1,1
1752,2016,JaMychal Green,1.4006157142857143,1,2,0,3
1753,2016,JaVale McGee,2.005158571428572,1,1,0,1
1754,2016,Jabari Parker,7.6776,1,0,0,3
1755,2016,Jae Crowder,8.980582857142858,1,0,2,1
1756,2016,Jahlil Okafor,6.8412,1,3,0,1
1757,2016,Jamal Crawford,18.932874285714284,0,0,2,3
1758,2016,Jameer Nelson,6.486464285714287,0,2,3,0
1759,2016,James Young,2.6074285714285708,0,1,0,0
1760,2016,Jared Dudley,14.957142857142856,1,2,1,3
1761,2016,Jared Sullinger,8.04,1,2,3,1
1762,2016,Jarell Eddie,0.08238857142857142,1,1,0,3
1763,2016,Jarell Martin,1.8373714285714284,1,1,0,3
1764,2016,Jarrett Jack,0.08238857142857142,0,0,3,3
1765,2016,Jason Smith,7.142857142857142,1,2,0,3
1766,2016,Jeff Green,21.428571428571427,1,2,3,3
1767,2016,Jeff Teague,12.571428571428573,0,0,1,1
1768,2016,Jerami Grant,1.4006157142857143,1,2,3,3
1769,2016,Jeremy Lamb,9.302325714285717,0,2,3,1
1770,2016,Jeremy Lin,16.40464857142857,0,2,1,3
1771,2016,Jerian Grant,2.3472,0,1,3,3
1772,2016,Jerryd Bayless,13.462977142857143,0,2,1,3
1773,2016,Jimmy Butler,25.074584285714284,1,3,1,2
1774,2016,Joakim Noah,24.285714285714285,1,1,0,3
1775,2016,Jodie Meeks,9.342857142857145,0,1,0,3
1776,2016,Joe Ingles,3.071428571428572,1,1,1,0
1777,2016,Joe Johnson,15.714285714285715,1,0,1,3
1778,2016,Joe Young,1.5033457142857145,0,1,0,0
1779,2016,Joffrey Lauvergne,2.4424557142857144,1,2,0,1
1780,2016,John Henson,17.88229428571429,1,1,0,1
1781,2016,John Jenkins,1.501372857142857,0,1,0,0
1782,2016,John Wall,24.225571428571428,0,3,2,1
1783,2016,Jon Leuer,15.702795714285712,1,2,3,1
1784,2016,Jordan Clarkson,17.857142857142858,0,0,1,3
1785,2016,Jordan Farmar,1.4006157142857143,0,2,0,3
1786,2016,Jordan McRae,1.24948,0,1,0,3
1787,2016,Jose Calderon,0.3542728571428571,0,2,1,3
1788,2016,Josh Huestis,1.7021142857142857,1,1,0,0
1789,2016,Jrue Holiday,16.123597142857143,0,0,1,1
1790,2016,Julius Randle,4.667314285714285,1,0,0,3
1791,2016,Justin Anderson,2.1630857142857143,1,1,3,3
1792,2016,Justin Harper,0.08238857142857142,1,1,0,0
1793,2016,Justin Holiday,1.4509942857142857,0,1,0,0
1794,2016,Justise Winslow,3.7049142857142856,1,2,3,0
1795,2016,Jusuf Nurkic,2.7447428571428567,1,2,0,1
1796,2016,Karl-Anthony Towns,8.514514285714286,1,3,3,2
1797,2016,Kawhi Leonard,25.197232857142854,1,3,1,2
1798,2016,Kelly Olynyk,4.42002,1,2,1,1
1799,2016,Kemba Walker,17.142857142857142,0,3,2,2
1800,2016,Kenneth Faried,17.255217142857145,1,0,0,2
1801,2016,Kent Bazemore,22.471911428571424,0,2,1,3
1802,2016,Kentavious Caldwell-Pope,5.254741428571427,0,0,2,3
1803,2016,Kevin Love,30.23667857142857,1,0,2,1
1804,2016,Kevin Seraphin,2.5714285714285707,1,1,0,0
1805,2016,Khris Middleton,21.714285714285715,1,0,2,1
1806,2016,Klay Thompson,23.805107142857146,0,3,2,1
1807,2016,Kris Humphries,5.7142857142857135,1,2,0,3
1808,2016,Kristaps Porzingis,6.168171428571428,1,0,1,1
1809,2016,Kyle Anderson,1.7029714285714288,1,1,0,3
1810,2016,Kyle Korver,7.48491,0,2,2,0
1811,2016,Kyle O'Quinn,5.5982142857142865,1,1,0,1
1812,2016,Kyle Singler,6.9107142857142865,1,1,3,0
1813,2016,Kyrie Irving,25.197232857142854,0,3,1,1
1814,2016,LaMarcus Aldridge,29.39286428571429,1,3,0,2
1815,2016,Lamar Patterson,0.3527942857142857,0,1,0,0
1816,2016,Lance Stephenson,5.7142857142857135,1,2,0,3
1817,2016,Lance Thomas,8.844285714285714,1,2,3,0
1818,2016,Langston Galloway,7.428571428571429,0,2,1,3
1819,2016,LeBron James,44.2335,1,3,1,2
1820,2016,Leandro Barbosa,5.7142857142857135,0,1,3,3
1821,2016,Lou Williams,10.0,0,0,1,1
1822,2016,Lucas Nogueira,2.7447428571428567,1,1,0,1
1823,2016,Luis Scola,7.857142857142858,1,2,3,3
1824,2016,Luke Babbitt,1.7532657142857142,1,1,3,3
1825,2016,Luol Deng,25.71428571428571,1,2,1,3
1826,2016,Manu Ginobili,20.0,0,2,3,1
1827,2016,Marc Gasol,30.23667857142857,1,0,0,1
1828,2016,Marcelo Huertas,2.142857142857143,0,1,0,0
1829,2016,Marcin Gortat,17.142857142857142,1,0,0,1
1830,2016,Marco Belinelli,9.047618571428572,0,2,1,0
1831,2016,Marcus Morris,6.607142857142858,1,0,1,3
1832,2016,Marcus Smart,5.112685714285714,0,2,1,3
1833,2016,Mario Hezonja,5.5854857142857135,1,1,1,0
1834,2016,Markieff Morris,10.571428571428571,1,0,3,3
1835,2016,Marreese Speights,2.005158571428572,1,2,0,1
1836,2016,Marvin Williams,17.5,1,2,2,1
1837,2016,Mason Plumlee,3.3264714285714287,1,2,0,1
1838,2016,Matt Barnes,0.3460342857142857,1,2,2,3
1839,2016,Matthew Dellavedova,13.725,0,2,1,3
1840,2016,Maurice Harkless,12.841092857142858,1,1,3,3
1841,2016,Meyers Leonard,13.162118571428573,1,2,1,3
1842,2016,Michael Beasley,2.005158571428572,1,0,0,2
1843,2016,Michael Carter-Williams,4.547894285714285,0,0,0,3
1844,2016,Michael Kidd-Gilchrist,18.571428571428573,1,2,0,1
1845,2016,Mike Conley,37.91442857142857,0,0,1,1
1846,2016,Mike Dunleavy,6.9107142857142865,1,1,3,0
1847,2016,Mike Muscala,1.4509942857142857,1,1,0,3
1848,2016,Mike Scott,4.761905714285715,1,1,3,3
1849,2016,Mirza Teletovic,15.0,1,2,2,1
1850,2016,Monta Ellis,15.376428571428573,0,0,1,3
1851,2016,Montrezl Harrell,1.4928571428571429,1,1,0,3
1852,2016,Myles Turner,3.519771428571429,1,2,0,1
1853,2016,Nemanja Bjelica,5.428571428571429,1,1,3,3
1854,2016,Nerlens Noel,6.263557142857143,1,2,0,1
1855,2016,Nick Collison,5.357142857142857,1,1,0,0
1856,2016,Nick Young,7.777025714285713,0,1,1,0
1857,2016,Nicolas Batum,29.813665714285715,0,0,2,1
1858,2016,Nik Stauskas,4.275771428571429,0,2,2,0
1859,2016,Nikola Jokic,1.9407142857142856,1,2,3,2
1860,2016,Nikola Mirotic,8.260642857142857,1,2,2,1
1861,2016,Nikola Vucevic,16.785714285714285,1,3,0,2
1862,2016,Noah Vonleh,3.9305142857142856,1,1,0,0
1863,2016,Norman Powell,1.24948,0,1,3,3
1864,2016,Norris Cole,0.3542728571428571,0,0,3,0
1865,2016,Omri Casspi,0.19773428571428567,1,2,1,3
1866,2016,Patrick Beverley,8.571428571428571,0,2,1,3
1867,2016,Patrick Patterson,8.642857142857142,1,1,1,0
1868,2016,Patty Mills,5.112782857142856,0,2,1,3
1869,2016,Pau Gasol,22.142857142857146,1,3,0,2
1870,2016,Paul George,26.16361714285714,1,3,2,2
1871,2016,Paul Millsap,28.674332857142854,1,0,1,2
1872,2016,Paul Pierce,5.039885714285714,1,1,1,0
1873,2016,Quincy Acy,2.5572742857142856,1,1,0,3
1874,2016,Rajon Rondo,20.0,0,0,3,1
1875,2016,Ramon Sessions,8.571428571428571,0,2,3,1
1876,2016,Randy Foye,3.571428571428571,0,1,3,0
1877,2016,Rashad Vaughn,2.5872,0,1,3,0
1878,2016,Raul Neto,1.339714285714286,0,1,3,0
1879,2016,Reggie Bullock,3.222348571428572,0,1,0,3
1880,2016,Reggie Jackson,21.36646,0,3,2,1
1881,2016,Richaun Holmes,1.4654728571428572,1,1,0,1
1882,2016,Ricky Rubio,19.357142857142858,0,2,1,1
1883,2016,Robin Lopez,18.884642857142858,1,2,0,1
1884,2016,Rodney Hood,2.009314285714286,0,0,2,3
1885,2016,Rodney Stuckey,10.0,0,2,3,3
1886,2016,Rondae Hollis-Jefferson,1.9937142857142856,0,1,0,3
1887,2016,Ronnie Price,0.39546857142857145,0,1,1,0
1888,2016,Roy Hibbert,7.142857142857142,1,1,0,3
1889,2016,Rudy Gay,19.047618571428565,1,0,1,1
1890,2016,Ryan Anderson,26.764805714285718,1,0,2,1
1891,2016,Ryan Kelly,0.4096928571428572,1,1,0,0
1892,2016,Serge Ibaka,17.5,1,0,3,3
1893,2016,Seth Curry,4.14,0,1,3,3
1894,2016,Shabazz Muhammad,4.351855714285715,1,2,3,1
1895,2016,Shabazz Napier,1.928742857142857,0,1,3,0
1896,2016,Shaun Livingston,8.260642857142857,0,1,0,3
1897,2016,Shelvin Mack,3.476191428571428,0,2,3,3
1898,2016,Solomon Hill,16.058882857142855,1,1,0,3
1899,2016,Spencer Dinwiddie,1.0381028571428572,0,1,0,0
1900,2016,Spencer Hawes,9.069655714285714,1,1,3,3
1901,2016,Stanley Johnson,4.242685714285714,1,2,1,0
1902,2016,Stephen Curry,17.30337,0,3,2,2
1903,2016,T.J. McConnell,1.24948,0,1,3,3
1904,2016,Taj Gibson,12.785714285714285,1,2,0,1
1905,2016,Terrence Ross,14.285714285714285,0,2,2,3
1906,2016,Terry Rozier,2.7234857142857143,0,1,0,0
1907,2016,Thabo Sefolosha,5.5,1,1,3,3
1908,2016,Thaddeus Young,20.219502857142857,1,0,0,1
1909,2016,Tiago Splitter,12.214285714285715,1,1,0,3
1910,2016,Tim Frazier,2.9857142857142858,0,1,0,3
1911,2016,Timofey Mozgov,22.857142857142854,1,1,0,3
1912,2016,Tobias Harris,24.57142857142857,1,0,3,1
1913,2016,Toney Douglas,0.5416557142857142,0,2,1,3
1914,2016,Tony Allen,7.865168571428571,0,2,0,3
1915,2016,Tony Parker,20.636161428571427,0,0,0,1
1916,2016,Tony Snell,3.3833242857142856,0,1,3,0
1917,2016,Trevor Ariza,11.152815714285717,1,2,2,3
1918,2016,Trevor Booker,13.214285714285715,1,1,0,3
1919,2016,Trey Burke,4.8379971428571436,0,2,1,3
1920,2016,Trey Lyles,3.343714285714286,1,1,3,3
1921,2016,Troy Daniels,4.761342857142857,0,1,3,3
1922,2016,Tyler Ennis,2.4769714285714293,0,1,0,0
1923,2016,Tyler Johnson,8.04,0,2,0,3
1924,2016,Tyreke Evans,14.576792857142856,0,0,3,1
1925,2016,Tyson Chandler,17.735714285714284,1,2,0,3
1926,2016,Tyus Jones,1.9138285714285717,0,1,0,3
1927,2016,Udonis Haslem,5.7142857142857135,1,1,0,0
1928,2016,Victor Oladipo,9.361372857142856,0,0,1,1
1929,2016,Vince Carter,6.09151,0,1,3,3
1930,2016,Wayne Ellington,8.571428571428571,0,2,1,0
1931,2016,Wesley Johnson,8.04,0,1,1,3
1932,2016,Wesley Matthews,24.494054285714288,0,2,2,0
1933,2016,Will Barton,5.047618571428571,0,0,2,1
1934,2016,Willie Cauley-Stein,5.073085714285714,1,2,0,1
1935,2016,Zach LaVine,3.2012571428571435,0,0,1,3
1936,2016,Zach Randolph,14.802064285714286,1,0,0,1
